"","Androgen","EGFR","Estrogen","Hypoxia","JAK-STAT","MAPK","NFkB","p53","PI3K","TGFb","TNFa","Trail","VEGF","WNT"
"Patient1",4183.55393666219,51.7880647679576,2809.28041727932,6716.38162534873,7342.97364871412,1687.75113179518,6926.11891665333,5011.38482574089,-3937.21664591437,2833.2503829811,6955.91883038782,201.906589399852,-776.354628873742,596.964830213948
"Patient10",4094.54225123891,207.381189558829,2882.23606263485,7057.93123809852,7441.21555602635,1895.34368770139,7302.37794343792,5217.50268601021,-3735.52495887991,2980.59118253547,7381.44581343286,181.040325183548,-732.267504543763,601.189194545624
"Patient100",4043.24652889052,176.067686222435,2856.55051914427,7232.95398099735,8297.11510752004,1799.27009165168,8146.76414344503,5143.04576871308,-3660.09843211487,3215.01594305551,8148.09329820492,224.554876262467,-714.783478881806,613.94227444859
"Patient102",4121.51143647195,221.683973926916,2812.01956250333,7217.1825912857,7265.83225737703,2010.56097364044,7488.99947823176,5190.209748082,-3810.5643279848,2901.67310140421,7649.5619871267,195.240244667947,-654.708015454691,588.682410816257
"Patient105",3992.41821984695,81.6074147015315,2704.81994411474,7020.66237774661,7016.94032988158,1815.11725828609,7023.8193427766,5143.67244802233,-3811.39681341253,2787.94915090577,6975.65936947265,197.262437121546,-699.580530546409,573.327721906018
"Patient106",4052.62033058623,141.395215094504,2809.06469945328,6902.15099016784,7480.66995053428,1780.8319237917,7360.92121093225,5111.67500247277,-3890.33866836266,2885.02809226714,7481.34643618171,187.466658175077,-728.073045519545,589.980110868382
"Patient107",3830.90826433205,232.596272912044,2472.36556502563,6193.02990887272,6300.81338579864,1846.88648585738,6346.29835756267,4488.78754071123,-3354.9485671593,2598.95468233437,6576.8011838963,220.728408838629,-560.213610479651,529.421246323845
"Patient108",4078.79349645348,11.8995755276815,2527.28539694302,6965.44533537856,8009.43932251857,1745.96363519135,7161.82872190912,4983.50118640118,-3701.80685593693,2666.97580781356,7249.96787534562,192.993010206157,-692.427310634255,573.339408521563
"Patient11",4006.08038031734,251.194464467624,2878.85944434108,7055.12051871957,7452.67682322891,2059.14715431684,7309.32434719008,5209.86780192529,-3839.004216768,2939.23831525009,7333.09737843485,179.884263303716,-699.338089803153,593.469007235371
"Patient112",4126.44757110969,152.965959880754,2875.58583404291,7071.21173351745,8197.29208312271,1801.64574747486,7545.90868642308,5250.75043943233,-3861.66678985959,3112.64823785345,7649.89288390786,196.454187541527,-711.436170348918,609.027900798943
"Patient116",4150.60340393316,98.8932693941474,2809.54560649741,7036.76408268186,7681.80452923314,1762.41931502444,7163.98006840272,5328.35815553065,-3747.27474656917,3018.51431946782,7244.13818937293,189.768199633649,-719.912357300854,598.392119901299
"Patient117",4125.34672170076,113.745042722082,2921.67798319339,7081.26461631552,7776.29309251912,1704.16398540673,7692.75349340849,5271.14241248107,-3900.18716247498,3233.06058400405,7819.61523985507,205.75116645984,-646.411526906675,614.318345423254
"Patient121",4161.16179158941,155.889073049044,2911.30933471217,7034.51804692313,7541.46062415222,1773.20532252908,7573.54679351116,5184.51850531448,-3945.7987378238,3074.67155337332,7579.28302305725,195.80210218281,-689.511622492083,604.408054772066
"Patient125",3993.03803502497,112.074768224141,2744.56131304804,6906.42145298239,8339.56997392605,1722.86598754538,7823.29457370732,5073.6776469322,-3688.7318409417,2940.45975009761,7783.6101504576,216.969070000329,-711.64232720773,606.026272109374
"Patient126",4112.77262592306,129.559984506107,2774.837560537,6982.97328950364,7775.33207807085,1842.44156335885,7530.96689106504,5128.35080946686,-3772.02438714054,3013.74769325949,7577.69599577147,184.999775699738,-690.211655087287,591.759206414476
"Patient127",4140.17848914777,219.275950380458,2892.41069219619,7241.05972905905,7650.47713642162,1963.70412688509,7774.05818934285,5303.68102443035,-3795.94811177399,3062.26552989691,7775.92666043427,193.810157867823,-716.801929838239,605.078682122558
"Patient13",3929.1565694419,138.631544439046,2829.1390745948,7391.42583692154,6692.66986236306,1852.12225154814,7444.39770527553,5104.48293143679,-3572.0688563882,3044.86807008248,7470.70617354751,185.07112710153,-657.275242139909,592.883364238955
"Patient130",4080.77304609206,108.395127147237,2850.66902207593,7579.32674981142,7650.68135914575,1731.06044524756,7445.47509858804,5156.55617428177,-3884.93638949621,2921.57378062583,7472.5202708854,197.749782850545,-663.71287932203,576.763948629374
"Patient131",4067.29437999583,149.031130686811,2626.17964739593,6903.83497375552,7108.71039047296,1812.10041814704,7274.19580537532,4966.78644330459,-3566.87344246014,2820.61953808355,7292.08623424189,194.657256971077,-643.619867943373,572.725142214766
"Patient132",4208.89660789561,138.531774817583,2803.21718077991,7008.51296995818,7830.39613533604,1808.10571144303,7887.65844055102,5109.76326799819,-3851.16672312395,3042.92581522119,7934.59228968126,211.94038900567,-743.369823741237,600.760714980913
"Patient133",4067.19053446276,138.635203738683,2779.47294642543,6964.56867024008,7654.59947409278,1778.24725080412,7713.45967049524,5123.94871324626,-3845.22384370307,2923.92238272066,7694.54930601629,198.538696883887,-673.808119814491,583.506926741114
"Patient134",4163.87442558304,120.114684481281,2887.38092709457,6984.52065392932,7795.2886632104,1798.23718802137,7866.74497734812,5316.43421586826,-3750.17858970914,3009.84187115785,7878.17134190498,203.546716344101,-710.341470558217,614.839271473064
"Patient135",4079.24732806126,101.878860313861,2814.40686921222,6823.28140185418,7566.9305308503,1793.58252704646,7248.60490495451,5143.60369619477,-3771.89765743077,2962.95768565154,7339.65445984751,195.774096484662,-714.613935499594,588.412472129841
"Patient137",4069.12869705233,169.577679171599,2784.65860594903,6845.00211323319,8955.49828047643,1824.36186041509,7909.70827691849,5071.25382057009,-3582.40503191169,3048.25320254259,7873.80976541495,214.294606676229,-663.155045899031,593.323501433456
"Patient14",4126.93965002597,140.129023479439,2834.69760069385,7338.94121041361,7558.22297179366,1862.14671984211,7752.82383419735,5221.62462303298,-3736.39385037282,2934.08924381799,7711.21715668643,197.362550357402,-668.203522901981,588.105357022866
"Patient140",4154.14178531101,166.444094519227,2838.57209054965,6993.30446751739,7634.65474686278,1832.75926813242,7083.5828897732,5194.48089621804,-3858.92218234206,2865.9969714547,7146.34022755141,188.460482846348,-648.633082804499,581.150919052061
"Patient141",3952.01287915604,184.985105221946,2767.33047813097,7107.17518387445,7226.76731015928,1878.46585392893,7170.49490234857,5038.37195137448,-3669.29533502569,2962.81685611579,7296.34292109561,181.79570938432,-685.407295314735,575.807793663937
"Patient142",4016.15426138711,98.7226684402747,2712.20579518566,7141.32242680242,7563.88713448603,1859.5897900815,7257.95305813662,4997.70541872348,-3607.40817920965,2874.75581940042,7306.06716079106,209.576269303125,-737.918484332491,581.18902827127
"Patient143",3294.2096123262,140.925334481575,2471.44659144319,5422.2056184749,5899.27639493343,1328.54431151024,5965.43648846733,4258.09872714311,-3038.67061805422,2644.27021216545,6001.10435656324,241.275431654267,-391.476110334963,503.061463690827
"Patient144",4162.40316949365,113.100058470135,2766.96104980401,6914.21073843345,6966.245306284,1791.81075713773,7179.84482881577,5079.35098691417,-3807.97820146685,2901.32040915618,7208.18060358962,195.444990242269,-702.34174609756,565.42129458409
"Patient145",4094.52122092619,154.140215763861,2766.58652740431,6956.29735841484,7738.70623970155,1855.77012503394,7464.96731355044,5270.76162532758,-3788.55501676962,2983.10819118297,7532.01525726753,204.591880878983,-707.769003049496,580.37656051629
"Patient146",4039.30810459961,182.303152860461,2846.307602281,7250.77200236083,7189.11134226622,1865.73419819481,7271.65390075014,5065.13466085504,-3845.64476058377,3006.75683906661,7455.96710171948,190.273161070614,-674.847351261859,580.873286033545
"Patient147",4061.14875020551,224.444986717063,2826.1301794532,7502.10645177461,7327.22304855947,1950.49710113093,7297.26883592336,5024.98738816198,-3843.87438236232,2925.36971060707,7384.66643788853,183.472346632371,-729.398625314791,582.02494973143
"Patient148",4089.66721579887,60.6861691925733,2805.93176177117,6785.95347721404,7013.80401901559,1611.34122814075,7143.68707258084,5079.27890590503,-3823.41539739645,2848.15674022703,7197.13744264884,189.925562666422,-639.259411177386,587.131146240136
"Patient149",4155.37314768398,163.349464235876,2828.49704511001,7535.67747668625,8093.10857084078,1846.09193568324,8066.44635688937,5110.65119481083,-3533.75458171078,3055.89962658236,8109.49514289562,215.413891061704,-684.370666671085,641.065195267656
"Patient15",4180.26915269321,108.322101527928,2866.05353946479,6885.45251422652,7628.34980456451,1806.49541801062,7365.01602150883,5255.70472802027,-3728.26776041726,2938.99793192879,7348.86844855401,207.089714207665,-681.483344144901,586.872107959009
"Patient150",4004.25268573514,114.873653041931,2760.93318973729,6923.0844151803,7301.63539765973,1773.40305127769,7238.30849994632,5100.10387745069,-3867.6226151612,3069.01942954211,7293.78089237507,207.039452392732,-697.691549500835,585.203337890469
"Patient154",4219.62781712601,68.7404045076922,2926.69330640753,7130.6660822102,7302.67633449724,1736.28127475654,7231.72561990712,5352.57656120936,-3837.2773789132,3163.43724389985,7418.40981152702,204.019496030615,-752.16035137691,622.213424593977
"Patient155",4109.76232280965,172.912499545569,2875.89125672545,7263.76809029784,8274.46652144057,1846.36710961433,7431.09934523706,5540.01382030736,-3858.94805112322,3060.26167242678,7592.23651291122,199.266626223059,-671.895584332823,604.866103582021
"Patient156",4057.11984620429,134.159996275511,2880.15298848783,7393.23235267928,7188.88702301977,1747.56875531433,7613.70490146306,5084.44395086419,-3813.1557579563,3173.49935300875,7813.53931978684,181.393723148489,-700.396267442826,596.049071371127
"Patient158",3949.70492931525,173.939022024096,2847.28555719205,7422.55767083723,6958.84740045718,1889.04277815141,7065.7498537905,5118.05711258869,-3584.31208597541,2977.10914456768,7146.31306093243,193.825677469957,-721.952429057566,580.912815368448
"Patient159",4155.40799064145,206.533643012202,2899.25804463824,6972.92524246874,7231.6982277084,1848.00320410256,7755.29790896421,5035.46712440665,-3896.14937801794,3047.6885758677,7879.10791415794,196.032412422592,-724.611463667543,608.080284719613
"Patient162",3989.34987409526,81.5116417187378,2763.99967699831,6882.81567140747,7683.25808124094,1736.59521992474,7268.47997346871,5135.39711478363,-3909.10712245302,2827.52598273784,7286.1416810638,195.164201469521,-697.165849718322,566.586022699369
"Patient163",4165.22268596583,97.8475308196195,2948.2005737203,6893.60185405248,7145.34862952895,1860.40328664776,7128.1450156014,5176.99268545498,-3639.64396163685,3120.56813956462,7167.69069593153,185.236160323765,-781.55033803773,618.866899369261
"Patient165",4080.06592493325,169.536398586507,2865.97995682176,7002.95290279706,7162.08436977894,1855.71730399328,7443.47399720284,4979.53705068499,-3704.05389520046,2950.29475801446,7638.48718272597,189.267399576831,-715.543691075876,585.868866266454
"Patient166",4017.52607553959,190.654252765487,2878.55447202332,7120.56822381786,7169.2642502351,1888.68410926515,7125.43346972236,5112.49105675804,-3779.95601914622,2925.54444856439,7228.38363309824,180.190122467989,-664.049313183385,571.983258646531
"Patient167",4120.5844145965,170.932217366129,2860.15244722318,7231.87270770833,7581.48950005598,1811.50248507986,7538.62132727266,5105.6050368126,-3884.01325045256,2998.51950350762,7576.97620480628,191.518747806248,-691.545501484789,604.193414825286
"Patient168",4086.88527617925,158.829426929096,2903.69696335277,7452.59258893938,7036.57748015398,1797.89955741024,7197.61985075546,5159.65351272311,-3811.70751906427,2956.7322220135,7286.02308862544,189.385616039315,-657.295498767912,579.192300399964
"Patient169",4102.05424829253,117.695081694756,2836.90905142141,6916.81551216996,7357.44282148844,1795.03788718003,7473.91738620856,5322.66989952493,-3747.1109570757,2924.54072839824,7468.57827587256,194.852891689234,-724.361913605974,598.806078288976
"Patient17",4038.16119327974,238.369615036356,2903.93897998781,7199.12727983284,7709.54505403968,1955.85769486985,7623.63789989397,5151.20969146716,-3838.1743138173,2975.09648332318,7799.86500856869,199.651960181022,-718.562558294147,592.359109209979
"Patient170",4161.84129280598,143.168995043134,2900.74604687756,7165.00896286596,7693.02356490795,1776.58039028132,7460.40470861003,5430.2895236685,-3869.61433419219,3068.69472811686,7549.97425792526,194.716574220443,-668.648918568259,605.120793581018
"Patient172",4209.96261499305,113.877332635215,2856.19061041515,7107.90580871293,7790.90701260182,1781.35358854299,7694.46990922408,5462.46809305789,-3782.92057247402,3033.48574493527,7755.41297846684,200.729117750791,-699.369814042318,631.593283733166
"Patient173",4124.18140555814,113.650957600833,2898.47275660447,7174.4436332151,7626.06728062901,1760.40248771028,7366.40076974477,5229.32983760734,-3810.7021572239,2929.67823712835,7477.26020405863,179.531788184006,-676.370023237021,600.999708975879
"Patient179",3935.73658132103,134.922889802433,2715.44051216994,6825.95228495211,6571.24994346156,1820.02944260302,7026.12438775165,4952.61912495809,-3897.6352545853,2681.95900076859,6943.22414242725,174.837297784694,-666.606692291886,569.06851682359
"Patient18",3953.23713366245,142.27804299598,2763.29740925331,7401.02448552795,7474.70269640299,1787.84931338815,7167.58018091943,5064.92155923994,-3803.49082857816,2791.19222992234,7123.6638564468,186.076270034075,-669.401556042052,562.976225392322
"Patient181",4118.76260401052,124.375480609488,2804.1908161201,7093.32785292483,7993.40500351867,1842.98712558685,7555.33406045478,5220.52090846504,-3778.5634053078,3017.54106657712,7589.76026058911,206.474945543063,-709.546319998664,609.196448272851
"Patient183",4134.21631792792,89.134842724883,2768.27075822804,6818.47822467219,7767.62462378728,1800.973543174,7373.70139343194,5245.3206050433,-3767.28086518501,2904.82218473157,7335.35449446917,189.653465741755,-714.154602309576,592.753189970606
"Patient184",3976.47794129729,235.708640667065,2919.9769104265,7553.7974394688,7596.77846968335,1870.52331205529,7401.66177323591,5158.40152006058,-3829.22092837874,3105.51060501701,7662.9748277461,189.775370796141,-565.218183143157,583.07684074007
"Patient185",4177.71690369649,150.670691979029,2890.65443114215,6996.26752213598,7503.54715750314,1802.98114944802,7432.43005316886,5266.70575702663,-3798.37767300133,3063.64751828832,7540.51432473419,198.978731223831,-688.728269950271,604.414359199485
"Patient187",4153.27811105901,115.158331716148,2862.3148037552,7030.39672106309,7652.75871230945,1766.37555692318,7305.76314648784,5114.14853044264,-3938.87289972524,2958.10654953452,7467.98056415047,199.536342257738,-717.146824838344,578.046613000752
"Patient188",3990.13058527532,132.87134286431,2886.57229133964,7057.44977445749,6915.56624649163,1877.7836788509,7017.1561178843,4965.15756880507,-3628.92331137211,3020.1725508252,7060.62481045804,184.157424687881,-725.089054231143,587.004031836922
"Patient189",4250.74470155581,198.398889381386,2985.05203298782,7382.62897342814,8024.1763067442,1787.65883013734,7928.82820292765,5734.61447730068,-3755.75597726588,3286.57686241541,7997.616119143,193.019829054683,-635.847040954988,642.636346074844
"Patient191",4066.46939044893,177.519598676925,2803.60536386078,7173.76147724804,7478.08825454056,1852.88977196799,7600.5156494568,4928.01903550786,-3708.21270538648,2955.6952174162,7659.93819755524,198.041515869614,-677.174898336383,591.567619427873
"Patient193",4069.50739992815,184.107685112015,2932.44604281173,7157.69044998575,8593.84733000821,1889.80841002903,7515.99241591536,5457.36492898777,-3847.19362771068,2994.00219711285,7588.98716737625,195.917174822244,-693.966590871237,609.374745554748
"Patient195",4078.15144210157,162.021993099156,2829.41786736419,7113.36305040073,6911.69775973066,1790.07769196813,7365.50942515001,4963.39356827833,-3797.22953046519,3053.49095049303,7396.18529550342,197.07740917267,-719.131908285018,586.214989050035
"Patient196",3998.5908171574,146.048945862146,2833.86336360503,7028.0360657546,7298.72440591547,1766.67097253529,7340.16236908067,4955.17815179779,-3878.92883066792,2887.63333035278,7378.61639891579,177.418500573432,-631.420969003676,584.349437221187
"Patient197",4032.14873801525,246.061118573527,2923.59011924255,7236.70681350956,7123.6631354716,1906.90900047417,7028.09283536067,5199.34741639948,-3817.87870146075,2831.15680252102,7088.06424373359,187.242224079886,-699.614256509611,573.772780075395
"Patient20",4001.64746028862,284.654949435283,2786.47035495691,7873.20836986322,7962.58277437464,2118.29241276828,8304.78737534964,5113.98174224518,-3510.67123778793,2976.6214856871,8339.24443239215,193.991187370354,-547.279852502524,607.752183965925
"Patient200",4161.70467871035,159.088386938075,2856.2268956268,7032.76851616808,8293.4152817987,1818.43246486049,7417.53736092763,5237.03439443953,-3916.98534275766,2983.13682006921,7505.55024119087,204.452617780465,-722.343963782266,586.161931958354
"Patient201",4046.56325881617,158.249059576837,2874.12538300437,7132.97120987504,7209.1013661222,1894.30842097047,7112.43058335827,5145.84191267248,-3750.01158773157,3069.8142512923,7293.60844676328,205.447542271622,-611.093445969787,590.458283940875
"Patient203",4239.06790845424,125.570749979131,2935.74337745671,7124.6720676776,7631.23830112714,1771.82964196954,7535.70550242383,5392.8825313792,-3800.63189016417,3221.44049671681,7622.24119039485,183.545693102698,-709.788204311839,622.25818189494
"Patient204",4101.04873349983,160.933011616609,2874.11667432365,7053.71398450258,7802.74353045016,1858.50848793448,7441.4233293408,5324.83136203666,-3843.68697012589,2959.23671568888,7557.27132176666,185.171460006893,-619.879034869522,595.180863932448
"Patient205",4038.69582113536,179.672486939083,2801.61411331178,7474.73205666376,8324.49593694609,1785.13430174143,7523.79543785093,5121.7915551628,-3841.80195134909,3110.2536966842,7579.2051388613,188.423806382041,-661.173558120556,596.9064475806
"Patient206",4122.13055643801,110.217220238007,2871.46346268468,7046.16408178248,7779.96143613542,1774.8332298594,7514.03899323398,5094.11117109311,-3634.17861088325,3299.20913372566,7586.95855682982,201.207288403951,-662.159973293895,626.334808570288
"Patient21",4008.67743698628,169.878176010899,2779.93172215873,7009.96639486304,7112.38005158551,1801.52702232308,7140.88717407621,5113.20510673499,-3772.58507816075,2862.55840867968,7129.18585308106,184.993144140539,-666.743832551157,574.758769532302
"Patient22",4045.12185640631,103.232503624533,2822.85088579421,6870.86359168509,6625.43484364985,1711.44679320808,6939.9960299931,4991.51584342845,-3833.15828954364,2979.8794698791,6917.55222610768,176.079992903609,-633.325752813883,573.460710065479
"Patient23",3946.9627001441,160.712752049427,2792.75285485026,7043.82255659547,6918.51017914992,1943.72582106931,7129.90306602115,5050.74892535728,-3732.74833047116,3058.87378289966,7271.06407123178,200.717520814337,-700.503885051993,586.777416210545
"Patient24",4073.12181821516,237.466969535521,2884.11827639771,7529.34919736246,7217.69340375167,1972.45824578574,7532.11662643902,5213.34977333886,-3655.31085794485,3028.24719245949,7733.85690187345,198.463642905088,-589.677272980438,605.589274687237
"Patient25",4136.4318858067,81.7958447456058,2862.9444368073,6926.19542803261,7380.20207118398,1719.32177970509,7306.79491076746,5210.59308793198,-3832.09724337588,3044.92257400639,7328.07164420662,195.483329017905,-699.695998526547,617.484371650037
"Patient27",4039.70782997684,115.021743610064,2790.12578968115,6720.32830294321,7625.90495032193,1896.74033207895,7403.27722711122,5113.92303596043,-3796.06181344009,2848.78485227651,7377.06058093668,212.639469259339,-737.178880432948,587.936494066527
"Patient30",4102.41376297192,135.789971482402,2700.35815907655,6822.31936853719,7825.19333517947,1935.02808023889,7569.51067746882,5087.44090694849,-3622.38777136236,2815.6529323966,7553.21466139907,211.022582286545,-676.195320246806,595.491361658725
"Patient31",4106.53365986178,130.140731807676,2949.38949291657,6998.65472101541,7273.55053370675,1773.16077244774,7308.16912961991,5265.41970191413,-3890.51315590734,2916.81456598343,7404.3276151673,188.085918697934,-612.979903715139,565.267780186553
"Patient32",4087.20389294526,145.037267888865,2783.48892856082,7050.0266301845,6896.06961844858,1981.5753580687,7264.37685719208,4943.96182152142,-3787.76707667063,2930.8904292586,7271.44592270526,190.782685950978,-709.727842342387,577.622290404616
"Patient33",4155.8765349538,64.9759396103,2831.39705417559,7111.04877626893,7820.20989786883,1662.0666767014,7772.36136113625,5151.94773622043,-3609.10216044392,3072.82653567799,7789.01690802296,213.036751736,-701.521712291113,626.635276987347
"Patient34",4147.40470837981,50.314018184423,2961.40065223134,7180.96106637578,7315.85868032574,1585.90961502622,7308.89673186546,5227.42383029112,-3751.40731064652,3273.57864149336,7432.99009007013,199.684555257563,-682.728841288161,671.755487621254
"Patient35",4080.2136714337,157.178239447437,2853.81879694994,6947.48602989277,7720.22844740936,1727.88756539002,7159.00689989266,5148.48113848288,-4014.83106095868,2906.17209135697,7181.84443278035,195.471417944097,-674.992601431351,594.185170863451
"Patient36",4273.35896330418,112.427583147866,2848.79774031949,6945.64115990601,7062.22738396256,1862.63828192132,7171.22187685349,5183.80261268915,-3805.38457313759,2947.95632767128,7263.15007030006,191.709883453263,-761.499166213647,609.905970733525
"Patient37",4110.23010835194,112.410074103647,2854.5034133674,7076.93788047762,7670.42680803672,1792.11439637859,7836.61371247,5100.13034901077,-3599.1618216019,3223.02735360727,7870.30398513597,211.284673009641,-768.222266093566,628.199272051304
"Patient38",4040.63497614415,98.490244167848,2827.50095841785,6861.39484410252,7228.1016903501,1752.15985171737,7315.52684151696,5067.90223853319,-3904.98753896272,2984.82311988013,7404.409693174,185.775945197001,-740.973311233526,607.76832992557
"Patient4",4144.7510809408,219.15989031483,2792.52248824116,6947.05945230469,7255.03687296273,2019.33848345034,7299.99648148249,5135.27303809903,-3694.43291010429,2972.74935047592,7316.62400830237,190.110651765409,-690.74160468974,579.641095491431
"Patient40",4097.68621982699,164.592283892848,2815.35764327581,7335.81738831232,6735.51868280153,1900.73606968491,7197.40794856319,5091.32732246722,-3701.36248543114,2862.42371534041,7284.96761724846,192.289251051413,-720.542456289614,578.72129140271
"Patient42",3975.66417304925,170.675077360961,2788.20212362631,7188.73019612181,7504.85795054659,1887.56177565195,7226.06029331474,5083.99268561992,-3833.44188571018,2954.73064905903,7303.57639678924,191.904144010661,-666.816272478262,585.833945042657
"Patient44",4004.94387119789,81.7985475529644,2731.51931848048,6891.01215122721,8271.39535152656,1573.38820171057,7556.16895713393,4939.12079961956,-3892.82803854431,2925.63802237649,7610.21153092408,208.618855097568,-629.174089491786,606.836617096629
"Patient45",4017.71555701595,189.87893335989,2878.12584525465,7113.8903441776,8055.11484547082,1849.9732972317,7811.80789977312,4999.29999661052,-3871.16066261256,3090.94205393971,7919.82498019517,200.522561834155,-624.453547861163,594.568075438196
"Patient47",4025.77384692466,79.2029013625756,2840.02536726872,6937.27353714942,6925.28348720253,1896.41017525979,6972.88394680625,5052.75538257196,-3780.66123719461,2848.56864340929,6993.47779142264,204.390732058822,-727.745780895552,577.573477374285
"Patient48",4089.12212293115,126.012296917195,2788.16025146375,6868.81045799202,7477.13441586744,1751.93191235391,6962.46080419766,5025.35886921937,-3969.27797368522,2794.95505580648,6935.41279764516,196.184337271409,-655.012312110321,595.703092632649
"Patient51",4025.80578042156,163.152825634327,2739.47799763518,7110.47329479187,7667.49809171929,1729.67932372581,7756.53839256057,5085.26169384492,-3641.20884382768,3081.78406845462,7906.04706788205,227.153553943589,-684.875074086083,593.454143052057
"Patient56",4210.14675670463,122.13346849075,2931.64330776104,7284.07602466513,7802.42212429009,1730.09180702994,7681.98960820932,5595.222663245,-3763.43723415075,3112.26838374809,7788.23562462038,205.960778091157,-666.031680687341,631.922506808163
"Patient58",3981.67658237832,189.429788514439,2962.17618326782,6950.36750495124,6865.94804509266,1863.11961173599,6982.22230298467,5180.02782844638,-3726.4616447213,3075.30270898476,7079.75736216783,204.572275741285,-704.825940881916,592.629164855132
"Patient6",4275.50484033379,204.352130193508,2882.76211733193,7246.79429436089,7437.2659341173,1945.98311505283,7369.80672641507,5434.85553410018,-3739.03830556076,2979.67123099544,7489.64571537543,209.77191804952,-645.769957685258,612.667478894246
"Patient61",4056.45078371542,102.660171758374,2864.85226622306,6941.83917442438,8086.4022933804,1740.74815202828,7806.95106097753,5296.17518231073,-3647.95874619683,2871.37880915605,7721.55005739472,234.823833120768,-761.102649264943,609.474325461424
"Patient62",4098.84356318679,185.268427881575,2785.76193959939,7001.36027847033,7561.3598912814,1870.57454132412,7680.10530235655,4989.79374082879,-3558.94983948536,3303.85338509108,7754.76344822203,186.892106036737,-611.2264809281,637.741434982525
"Patient63",4164.64491862932,69.7037655171867,2852.46272115671,6869.34248593391,7317.07304106151,1781.04523766876,7276.80711418578,5034.40311005502,-3836.51793670052,2841.11252068495,7190.01369519386,193.195509687694,-686.046656214171,592.185333222909
"Patient67",4139.43671169467,106.347660830047,2710.9987534049,6856.44323759299,6736.1397300454,1757.21958190497,6926.17774679831,5131.12175415445,-3772.85373882535,2847.11948122213,6980.97330164257,197.357312128967,-740.374072860893,596.412656879713
"Patient7",4084.68476974087,144.811112270635,2841.87109090706,6915.31098341044,7222.20315753995,1940.26744472803,7115.48032751861,5137.32106008655,-3803.71828673304,2873.61775776837,7081.32187871485,197.96816255426,-665.810912283446,594.88960751742
"Patient72",4113.89351427952,159.308632681425,2931.44724004346,6940.4745831161,7788.35942761548,1869.52062579866,7383.44545263022,5148.84330529353,-3873.43447841504,2984.32149056076,7427.35851025228,199.615699664187,-696.516380362777,583.319697614855
"Patient73",4085.61275345063,108.372637385662,2897.47317086892,6958.08221707192,7179.07600411193,1795.90965731758,7079.02149101093,5217.12735538289,-3789.7893669494,2918.07842842685,7146.47618091456,182.464243413073,-713.786908628841,593.608958911534
"Patient75",3950.66582220697,226.329402956506,2847.1173318816,7291.66768923455,8248.64154539668,1932.20775880771,7763.06534788723,5180.26385332098,-3985.21894800025,3001.68839555057,7772.36908808069,197.887405839966,-594.417404358061,590.87052060019
"Patient77",4054.04494378713,155.738635242365,2786.56634587383,6953.2566027545,7724.14300942685,1861.22220087172,7520.76106429748,5206.84298226307,-3889.72918010864,2894.76042443229,7475.90560863532,197.084772185786,-667.035389536536,589.848000314548
"Patient78",4104.16272597983,288.761235110388,2885.12453642359,7217.06724780884,8178.23608384333,2091.43097987251,7711.30931425621,5100.9066608593,-3679.02952640992,3340.91550774424,7871.07401789028,198.640791475768,-637.007960433397,614.290724899513
"Patient79",4085.57675172169,133.249235214048,2870.10992794966,7053.19289765295,8104.64815479942,1809.09146265897,7636.45234141962,5176.00189982194,-3956.27100449502,3037.25762061198,7689.37160417208,200.150811829917,-692.542947287763,601.943129564566
"Patient8",4181.39078601195,165.327982398611,2928.16626405544,6879.57465785093,7679.49110162506,1939.97837576258,7206.67020681556,5209.8793225583,-3874.8575984351,2911.6041569102,7291.37452247094,190.581948482058,-688.557387225402,591.067198576378
"Patient82",4127.693977195,133.646136204255,2858.50091347286,7208.71313435387,6785.6328501178,1880.80712742967,7192.2254396612,5015.57532577614,-3727.0214804842,2820.39669824681,7257.17750911632,185.469323867653,-692.96133324677,571.850518216178
"Patient83",4009.27080883903,168.947224666531,2835.4030930017,6817.8361480618,7025.69919804456,1894.06702097159,6882.62711790126,5117.59252346933,-3860.18999603808,2927.09841682956,6966.63455765456,175.689478665771,-694.28489079845,574.851820243767
"Patient86",4089.78919394651,119.229367476748,2841.28655468763,6985.96025259901,8506.97659058969,1790.6821230155,7815.67837200938,5164.33812535424,-3733.94438388183,3179.1361262359,7863.66202008924,221.07417596858,-714.861303504172,608.209537924463
"Patient87",4106.70327630746,107.438584259762,2800.18492410483,6766.048441264,7858.55208191293,1754.39273296708,7455.46866572606,5003.15751463417,-3734.29677681526,2884.78530262744,7378.40273151639,222.200638868821,-718.466897708489,604.575913288067
"Patient9",4045.37166707611,136.093611419046,2874.5238951914,6941.91153630161,6858.34476749477,1765.05015927606,7161.16518600944,5098.13631541355,-3877.53274929373,3012.17045182576,7215.51116378452,189.829303264424,-674.095189560406,582.708248305997
"Patient94",4106.80061447715,190.552615741416,2899.58214145027,7057.46547419996,7665.42926122569,1863.69126010603,7545.76804162016,5230.30046433634,-3708.57436306058,2924.24676569488,7547.11722036871,198.991598797881,-737.103438542442,633.070768160423
"Patient96",4034.61623935955,116.995720425561,2867.86101126961,7709.61491213096,6963.11128944844,1733.31770731778,7168.14788300618,5069.27358039573,-3963.66205846083,2988.20385410517,7306.86978789315,178.474500002636,-668.404367076525,592.398684164258
"Patient98",4141.21477815041,131.64211852379,2775.7826098518,7012.3198332249,8107.51240647492,1846.37617044946,7727.01583654249,5178.4933147071,-3839.37082510573,3000.26412966058,7708.99906349648,206.586013878793,-732.090507239944,604.078163884985
"Patient99",4061.56424981628,143.992006259767,2862.64076919668,7148.91690725067,7850.14335109932,1730.72237390426,7725.62940510746,5165.96768822426,-3865.62364213938,3045.12369295502,7741.81481040592,206.30357940355,-672.02628925159,593.798627218667
