"","LP.01.01","LP.01.02","LP.01.03","LP.01.04","LP.01.08","LP.01.10","LP.01.12","LP.01.14","LP.01.15","LP.01.16","LP.01.17","LP.01.18","LP.01.19","LP.01.20","LP.01.22","LP.01.23","LP.01.24","LP.01.25","LP.01.28","LP.01.29","LP.01.31","LP.01.32","LP.01.34","LP.01.35","LP.01.37","LP.01.38","LP.01.40","LP.01.42","LP.01.43","LP.01.44","LP.01.45","LP.01.46","LP.01.47","LP.01.48","LP.01.52","LP.01.53","LP.01.56A","LP.01.57","LP.01.58","LP.01.59","LP.01.60","LP.01.61","LP.01.62","LP.01.63","LP.01.64","LP.01.66","LP.01.67","LP.01.68","LP.01.69","LP.01.70","LP.01.71","LP.01.72","Test.FFPE.01","Test.FFPE.02","Test.FFPE.03","Test.FFPE.04","Test.FFPE.05","Test.FFPE.06","Test.FFPE.07","Test.FFPE.08","Test.FFPE.09","Test.FFPE.10"
"ATF3",-6.79216765890315,-7.08396209550571,-6.91147463639246,-7.04130107836391,-5.87238339695107,-6.62412639915225,-6.47459531168991,-6.57199554474207,-6.61346099081046,-6.25750179321189,-6.17300484803847,-7.29332977696319,-6.93688834163104,-5.62716158557771,-5.68260826649868,-6.61679988288396,-7.48070537496417,-6.45555178365627,-7.00563748500197,-6.71014056308537,-6.32997247213937,-5.93336045688626,-6.79843202214612,-6.09230407139731,-6.31627419746953,-5.59853693208054,-6.40028465012412,-6.04856258225111,-6.42548622488814,-6.36173724149753,-6.94733306551362,-6.36526081338004,-6.02855380519253,-6.19906320365905,-5.97132982023105,-6.63575782140837,-6.82396194566569,-6.43301147664643,-7.13510780755963,-6.50338555690105,-5.63083486127984,-6.45356673984769,-6.40766488514556,-6.70259539830147,-7.11814165681532,-5.82148739395502,-7.69592263042814,-6.04334324364319,-6.90724663086408,-6.00674601049143,-5.76968823169194,-6.15944390957453,-7.0031611858549,-6.04907261373871,-7.25668915476701,-5.98349779848111,-6.80787171537522,-6.32624581717502,-6.65229851708357,-5.54468823293374,-6.75060612330327,-6.92473147762985
"BHLHE40",-5.15944127007247,-4.63089881238259,-4.68681182499641,-5.29466773665096,-4.62917373145989,-4.93353528183648,-4.57894614155357,-4.83993054443393,-4.79832478654271,-4.44312059389355,-4.98515447537763,-5.13300157225017,-4.85607737020791,-4.80576177031478,-3.67471009035125,-4.73176139413423,-5.55173058576964,-4.86983477920006,-5.21826078372287,-6.17165603822505,-4.42290290156021,-4.36593179582413,-5.1936105183828,-4.55208529979621,-6.01918373448289,-4.16682905069088,-4.66353955353554,-4.67700034161849,-4.892967138935,-5.86528062905233,-4.98994974757701,-4.32186356522044,-4.07565808074391,-5.05156244936133,-4.84843663684118,-6.0397042538476,-5.51729921168738,-4.89462675167925,-4.810502575582,-4.49333196053699,-4.45397452256321,-4.47681492626314,-4.66197167371946,-5.32088493961496,-4.33147021311027,-4.6360925788183,-5.67667652432943,-3.92814589381862,-6.29096933482326,-4.15655259509885,-4.7373564925303,-5.13865286632337,-5.64742271805604,-4.97045855405806,-5.48977228561209,-3.94414669081261,-5.10062876236654,-4.83505128783874,-4.41481675036464,-4.36064948965378,-5.50084573460054,-4.8224877218093
"CREM",5.02134390407785,5.12400222864406,5.17290531963241,4.96571146826327,5.3984585346929,5.00680235719619,5.33889848735255,5.52640043684622,5.55548344110128,5.319282267747,4.86144356631485,5.09095446062132,5.35385901245641,5.76901604857349,4.71591028883466,5.05547230953061,5.36527932764593,5.47324900322741,5.10997371213616,5.71306895158025,4.85772414501523,5.45902057182908,5.36353379779121,5.38700478901296,5.7529456568322,4.59562617143021,5.12631970450344,5.52969173118521,4.82860780369826,4.81426586455245,4.92916804952642,5.22812506262345,4.8950010333069,5.05547988528147,5.5212484674084,5.08000979947538,4.87884858684536,5.31303903738449,5.51372664391269,5.46070684682934,4.98749805080505,4.48780443897623,4.77643855705188,5.39464252298367,5.22320096350174,5.35642108243851,5.91290119203328,5.04369652495203,5.61802434550413,4.91246543578872,5.32194452655443,4.73929060622433,5.48525449944628,5.21373117961041,5.70997072517805,4.92326999710911,5.38529722561963,4.44813124198305,5.31310443372038,4.80452783910846,5.43108956548821,5.27614745091067
"EGR1",2.54861519351359,2.73757372541677,2.46422993832462,3.07892821365752,2.39355893161522,2.37482200915744,2.59881838302565,3.13232596152037,3.07311970037538,2.74637805998538,2.71543803128381,3.965026234027,2.59825383313732,2.40635742865015,1.59967291886643,2.60671519635782,2.73422993858961,3.40896683008744,2.65009180991588,2.31348535583818,3.07819952299748,2.09474846255009,2.96823345351524,2.52089247069975,3.34818524945068,1.93720773226813,3.54351956907463,2.22989051180857,2.77899991418066,3.35173529760291,2.55619663157159,1.95461756161617,2.11295710896621,2.60665228401324,2.7726757717744,3.33166652560439,3.76845334865956,2.49970228743359,3.490863599297,2.33508740315456,1.45762832710493,2.25438852016914,3.28450210071096,2.6911631253919,2.3074952204843,2.39900082808609,3.20671391026688,1.99980484125352,2.52190826598718,2.99863984118234,2.6051941716456,2.0072668117322,2.52799256911334,2.09019135041281,2.86398094157848,2.34668906183183,3.48944678752003,2.27369018965292,3.34758558669429,2.26751494158994,3.46975326779897,2.6070379768753
"ELF1",7.797372442376,7.20919757295137,7.47839245642272,7.35789314625188,7.34559892901976,7.3089999228985,7.7119368894883,7.74408074510592,7.09260076641099,7.38360059474626,7.25051104099893,7.30390056482109,7.53675408595569,6.92999507032641,7.04899705716072,7.11210113225349,7.714939094607,7.64253880781849,7.60034853020848,7.42187909730443,7.34275469266007,7.02788512134448,7.18755742614674,7.4638367420794,7.31727653386031,6.64750072413522,6.98835928174975,6.97383103056887,7.52230933836535,7.29187352714916,7.13244163475938,6.87111371499949,6.75362448699844,7.57302657931418,7.27605346445071,7.26305177216923,7.29754849695683,7.57475928199716,7.67222714971901,7.05331101282363,7.12668207823917,6.74122889098089,7.21604275209729,7.13600664317367,7.28007894182615,7.3323626184618,7.7040485074234,7.38585660924021,7.79942602119399,6.72649856570159,7.27598263270632,6.54668203938672,7.55211509775503,7.03758719644516,7.60891215026676,7.54082483731676,7.62384728896883,6.88124817776907,7.36862193027634,6.86244843923116,7.34600684457484,7.59997155531788
"ELK1",1.82573790465134,2.57812454494625,3.4200656030022,2.75516136131137,1.89816380829935,2.20626336195074,2.70889838646903,2.34859725913653,1.76427256501945,1.93517722752717,2.07674462549069,2.40940919591225,2.56480313641193,2.08864997571193,1.67240175000689,2.74626677710697,2.94535651878432,2.52019948277393,3.00639836315262,1.92174105577971,2.33260870329835,1.54657516459379,2.7125027603591,2.17876218975086,1.98982425955521,1.37560985467314,1.46902527649633,2.71359233922864,2.79653161692477,3.11461264052352,1.71304143908643,3.08022982474303,1.47224816413836,1.59355322615686,1.72135566129495,3.02755323718392,2.74498782082333,2.73642319509772,2.80207211913719,1.8872903602264,1.30290318240325,2.66795928365639,2.87434666547974,1.69748526562875,1.42195026177729,1.44345152860428,3.40880904013368,1.49138572864193,2.65818253361345,2.34792512850553,1.87774559605397,2.07580964526471,2.08089503842435,2.06634400764871,2.93905207766308,2.58341541782803,2.85001499026859,2.02046936617667,1.4714821761285,1.65333584059507,3.16168332231823,2.06218078571401
"ESR1",2.81346199870019,2.82981504043813,2.72924231636023,2.52330860905271,2.2805939534549,2.10749577823243,2.94504541207334,2.83854208126712,2.69336855005533,3.05474979892105,3.09460094128926,2.97840706558404,3.00429198797066,1.60785542293411,1.3721058274352,3.23162287577161,3.3254824383874,2.63133612323653,3.34029148133521,2.35409916924817,2.15820200086292,1.9669699594024,3.50578604236095,2.65286561522779,3.4058402906185,0.667480712165546,2.12159991322939,2.46182052738572,2.15053627928593,2.66039826415836,2.69175945173563,2.49469687507956,2.63238020500055,2.20429686867975,1.83180145542545,3.6802525320877,2.84099557055359,3.57533922450244,4.16735724656563,2.12404375194563,2.30571253349482,1.50928438142706,3.61189892785672,2.24312205663417,2.42995211968465,2.22838849149734,3.36008762218944,1.85528487733942,2.00466484603525,3.52581991575188,1.87317212493942,1.88914661321871,2.59746731870679,2.21787779160075,2.80060627951559,2.22060009968222,3.17690930109266,2.45230185186172,2.74782430551942,1.45661969594551,3.27365108912063,2.55587655624108
"ETS1",1.83015607797486,1.48136802853253,1.85877659324995,1.96635539414545,1.82637895514444,2.3905230881268,2.68719110979407,3.48668819327427,2.89534948674834,2.76201528337329,2.54347600955795,2.97328891932591,2.13484086663205,1.17949598499549,-0.127861417057357,2.32144995486004,3.0777077150819,2.93977617812387,2.41728068144624,2.67371378599374,1.2933762961509,1.17134536417529,3.62400941954413,3.10567236487107,2.7044423870686,0.502793402445632,3.49221563596665,2.82970217212288,3.59685913449231,3.35543831436589,1.597668881696,1.63688479284773,2.31917143279247,1.86825162248979,1.56311814147485,2.62649447262655,2.97275534023,2.87112058113477,3.50084586725874,1.75222186653159,-0.450625594680868,0.754640043258818,3.29281048578602,1.97712048833533,2.88235952645527,2.39139653948023,2.64085117157833,1.63102946422079,3.17955478348932,2.78069449566569,3.05858912568903,1.72595698531404,2.47288189720306,2.17359977439421,3.7037448435604,2.0950228987269,3.24601268577204,1.31108684803897,3.38917814521932,0.91709577265089,2.90135483064421,2.25429955624807
"ETS2",0.297983349571161,0.817902582220687,0.909241883678105,0.489661510073506,0.712716341571401,0.327669234045545,1.3759619057035,1.26196523980342,1.73596452970965,1.17284895055756,0.749481793569071,1.27517671529728,1.0743717653669,0.241310966340331,-0.960733720285133,0.924599502914713,1.40014714157801,1.11345174820589,0.672803514899444,1.13906008570146,0.153488866594845,0.17887876083168,1.5212158792263,1.36719184614785,0.81534179317731,-0.156813111300616,1.12539989856949,1.1423031513807,1.07923002544524,1.21902443768683,0.304024523363721,0.616743482677202,0.768041490156374,0.261499894980843,0.256470927633865,0.271213884038012,1.05328058613605,1.14212616518277,1.47058719511527,1.03649690929353,-0.54206750571758,0.873695026868152,1.46107655265442,-0.348691505548757,0.851833347641436,0.525517921820375,1.4678194420629,1.07365981244991,1.25254760260098,1.52200520053128,0.846715313243395,-0.0476464395873177,1.30999698889552,0.63360132951097,1.4515307707433,-0.0934980580258786,1.08606214204684,-0.461005205886567,0.90289072790356,-0.169889954398732,1.1719721240258,1.2942770498063
"FOS",-0.310377822051282,-0.58288208079137,-0.732688634750396,-0.43548606703647,0.318870604677002,0.107258283690154,-0.0619673102607382,0.0367781478780805,0.437560174491399,0.345716845964873,-0.596829739700006,0.759735729430034,0.407218702958056,-0.721855728838808,-1.09361273370506,-0.105504040325898,0.719942860666564,0.165946510809281,-0.0594974587522383,0.0393952169131484,0.0318554437427261,-0.530238646028419,1.08069203098501,0.759629001530854,0.846462867428677,-0.817837650832988,0.0381994968344468,1.0636868237884,-0.490541215535446,0.63262457405354,-0.87749449871353,-0.953800886234943,-0.35175955961468,-0.857406602673772,-0.793265898187625,-0.126033186214552,-0.119459212478311,0.138809439877454,1.08270014910705,-0.00196310572324187,-1.64024286875881,-1.04120455896544,0.149403042334164,-0.166237068441481,-0.334387035890647,-0.438185127898757,0.273207021692734,-1.11624009873784,0.293789602383623,0.333520236175686,0.380851996753528,0.27285116452968,0.780368034489998,0.106943729271934,0.667693232453668,-0.544364240332406,0.559891783893626,-0.80009330788507,0.304623671378523,-0.983580065698388,0.884075908785126,-0.158832425121463
"HIF1A",4.40072831275488,4.69018966512286,3.99436543700916,5.82413228792516,4.54170929970164,4.33625592608842,4.36358661892804,5.06155766401309,6.34871432273596,5.9975375549638,4.95612405817368,5.89035682044292,4.68055792198866,4.16025644557654,3.58665723400032,4.86899256151777,5.62595240894442,4.66210942113573,5.22046010581581,5.35186242688195,4.63234213331853,4.33522835990096,5.41657335502799,4.7623978885672,5.97916438378976,3.77125301489246,7.07032049534399,5.35914334473012,4.38727937925089,5.31312423131979,4.40227960462118,4.41180250236387,4.38844081767057,5.92347671008353,4.43219216320512,4.63046305570722,4.92276823333294,5.21478470038974,5.7217709542303,5.45949114356738,4.71380792991154,3.98207560759952,3.87823143806243,5.00446808371283,5.31195416418895,4.51919076486159,5.16339403004285,3.40607652255212,6.41323232756927,5.53194475119271,4.95071525100961,5.3472802917981,6.59142189793323,4.4638887050055,4.92020618165591,3.71028365320379,5.78547484459676,4.20393874086918,4.94890579041279,4.73926596326396,5.5944156458357,4.46530927403211
"HNF1B",1.10422818112294,1.51443039248036,1.35627063311859,1.31561453939307,1.43980403507372,0.852312988656327,1.09094083084804,-0.00897022723939775,0.209267558236141,1.32453315251056,-0.0150571193861767,-0.201109096005329,0.970483511877197,1.08414373563593,1.4284429338755,1.48738212733538,2.34576009060854,1.34290209794294,2.38650552573522,0.229241697673684,1.78303532574356,0.722259068111445,-0.46340075547535,0.0149003480092957,-1.01144364226322,1.56159444221041,-0.317354812975729,0.841156968426355,-1.1913492639235,-0.634231621777955,-1.0441001411584,1.06895420229623,0.962138595886392,-0.551236509957419,1.68571410437579,-0.115572333632049,0.245454239178505,0.534399560983077,0.584452514851446,1.51547569817842,0.698410123858332,2.45253081372056,-1.08827309723747,1.81483164894093,0.356706107150521,0.275539112532372,1.13039119918787,1.19024770195812,-0.833817079081474,-0.600715912055261,0.290769519595508,2.32986561514176,1.71141232735596,0.248923617337439,-0.335167448471795,1.6785310525814,-0.618447427167605,3.13390627616541,-0.694954748043263,0.848815248334564,-0.0582202217138089,-0.0949642245633164
"HNF4A",-3.2990075917322,-2.69604961659894,-3.02321685587583,-2.65879332934563,-3.51346957196749,-3.99787042932329,-3.30940916867683,-4.26079263004043,-3.59061410104072,-3.03410519393741,-3.59648905991908,-4.15303200109865,-3.47920427829496,-3.39030251342272,-2.72434769091405,-3.35242503205414,-2.18019217168555,-3.29843773639464,-2.35194180271308,-3.19288791163902,-3.41911836378412,-3.43577314874138,-3.70060073449046,-3.64756064957471,-3.83935059607132,-3.38167426478421,-4.56273921827588,-3.80826136767941,-3.81472702215829,-3.75849214891209,-3.91313409111851,-3.77007262670064,-4.27333461129363,-5.10081695705263,-1.56096152254017,-3.25550499484306,-4.62098377730009,-4.38440031209261,-4.29584645024536,-3.02582189383976,-3.97240890796159,-3.68278995937839,-4.41487222132844,-3.75778157565373,-4.76841101212178,-3.75751624446049,-3.53652457340575,-3.83793573863788,-3.68772718248907,-3.43756225679624,-4.46672288769567,-2.11299973709486,-3.1323748564006,-4.53631217456623,-3.22741956811077,-3.53862126689862,-4.96052665544563,-1.65084005131391,-4.24749014215371,-4.10345186173172,-3.76022224132156,-3.97809985009478
"IKZF1",3.15731597816592,3.04609283271655,3.43803179122914,2.55061145654703,3.40150975260238,3.46275736712935,3.63617461642694,4.18864724750568,3.4966360883238,4.43421668764199,4.30428289492184,3.34084689173813,3.31741620631816,2.60747756675517,1.6378774469206,2.84945161536262,4.38292924501322,3.62214580544022,3.69543803708923,3.51497229896066,2.30861277094032,2.93599397151483,4.15102908049418,4.86386841071966,2.67072821239497,1.54514164541222,3.59299691361056,3.28180083097724,4.66502430179645,3.40376719657584,2.12342119562982,2.80091754530857,3.54410049705299,2.72501139048768,3.31952585992148,2.35482046573347,3.56879762364352,3.78218313584718,3.51575095852669,3.49793452567278,1.49282994615421,2.12739749935474,4.10876130515021,2.93270337751583,3.38865210521295,4.56350460160286,3.52472897295969,3.86427406183637,6.43126785162428,2.37972240683777,3.64035859068163,2.49245577827325,2.78188241995185,3.62991527601109,4.38426272219479,3.43706708463489,4.22203425536394,2.69036655956364,3.82973720365125,2.39659341877987,2.57910051714343,3.40709031608833
"IRF1",-0.745705732962263,-1.58893851921273,-0.957755596789135,-1.76047321670417,-1.15014457372328,-0.0778000185884437,-0.343072412003143,-0.175578847808495,-0.52532068468865,-0.145083995534682,-0.665275604161724,0.085704790203967,-0.914539609437499,-1.44658754315976,-1.92726416735105,-0.889923891412943,-0.502198911607478,-0.746843639117372,-0.999735927569992,-0.85578603377483,-1.43308699951947,-1.52252712741218,-0.0928831341232987,0.397019067804572,-0.821354630469905,-2.58349237332504,0.677541098780138,-1.11008079245227,0.287348265959526,0.38871082102537,-1.56230217903131,-1.10913098261394,-1.17075150256013,-1.75508092814492,-0.377426717693177,-2.08496862756396,0.305735493293118,0.00783253359916895,0.169561697312696,-1.27442694771217,-1.75187037854704,-1.19902241313203,-0.0300837137930627,-0.386239516156023,-0.280462407854798,-0.245713303327644,-1.23471375744191,-0.438630833017037,-0.349945258541103,-1.9979842791262,-0.586533322520751,-0.0933944539430567,-1.68387217179087,0.169335064944295,-0.299556156425818,-1.13754856790632,-0.0198876234927842,-0.775439927152111,0.729709911650461,-1.1448339964464,-1.81608580415182,-1.08966294267106
"IRF2",6.27276710982145,5.4631361371588,5.92697966105672,5.14763417393676,5.85647468333002,6.20397250685103,5.9082533552942,6.02805945051133,5.33651114599285,6.23918057835483,5.66755610294454,6.38781069197052,5.81011723835479,5.26929328043933,5.07759597500208,5.87684143884658,5.68575122722959,6.03027155305241,5.38232213014847,5.81699435749574,5.05475459137446,5.28326636864638,6.44780520398936,6.48481251059132,5.69897007484916,4.37620815678037,6.4320900722684,5.45440673618764,6.2275258772384,6.29132041627862,5.13895945989614,5.8404905543263,6.08369561070104,4.51209794171359,5.62706001921782,5.06358758436426,6.22760836688468,6.56852229071698,6.28951025282672,5.08162477405243,4.74995949908226,5.56391814963733,6.0084578882008,5.81900044568208,6.27844770516104,6.22734058536634,5.54692257377788,5.78418660753797,6.31938216570121,4.55939888880618,6.12835633539789,5.47965611621209,4.93996410155772,6.2912142702536,5.81381362215152,5.53343869539314,6.41941501813164,5.55007956157852,6.60666649547622,5.47110588279733,5.30810735645236,5.93705111645024
"JUN",-0.604757443459989,-0.183809243042315,-0.292303667111299,-0.542044825305343,-0.279804823069305,0.417905677767803,0.423392993311572,0.214766187593847,0.674419603327894,0.392859034060786,-0.693815539374687,0.994601385021068,0.914326243290263,-0.481816728935745,-2.42079296723538,0.561591607536123,1.5412670086894,0.600220724999347,1.00682812323109,-0.374710009414123,-1.12607867606046,-0.805528233016575,1.74099134928092,0.819052111371701,0.657917449145924,-2.20894478549368,1.43527128580697,0.761579647611533,-0.677326873631093,0.380384240212435,-0.815000879952687,-1.15993721939739,0.0307610028142882,-1.0513296944571,-0.548693553114655,0.308490857788104,-0.0854069617786765,1.00625979196644,1.77057970486111,0.665879461758205,-2.36805385871299,-1.36228260164547,0.837023773719961,0.283537072867196,-0.251403038068365,-0.900502680324294,1.2840095898362,-1.0534654933823,-0.0283309303951417,0.271098447263229,0.399944601031007,0.0249932545051131,0.282679073055999,-0.107768616903192,1.17971083221195,-0.799981274664327,1.19199382234297,-0.882913791322088,0.113687530130784,-1.36466739564637,1.28602345232449,-0.183372597721832
"JUNB",6.14960315613481,6.07462878718559,6.20734834608554,5.52255279289953,6.0736186885725,5.96035950721433,6.22942190000474,5.9906141581666,5.86674020377233,5.75982201545671,5.57542496550836,5.93422980536338,6.81100578640589,5.38037220790968,4.89670616866316,6.03744812776617,6.38422401440231,5.9986473025223,6.57181663886307,6.11596016348796,5.36811700266799,5.17207801351983,6.43530580608471,6.2407836208391,4.9088635257447,4.28432302393817,6.43530268610174,5.19344424169075,5.60577098627758,5.86112907395781,5.73585207330466,5.69791596105668,6.69993137699522,4.99072330077916,5.55802432956161,6.67085418646988,5.60358779045995,6.11954097682057,6.86682068129886,5.59319175376582,5.06036073098752,5.56568779896638,6.40047974505024,4.84143132924074,5.86999648216261,5.7693589258684,6.75971894907532,5.83891086199352,6.38977486021733,5.0493586004313,5.6942775401448,4.99042814508234,5.91835567347122,5.2111808361873,6.67775396660503,5.43720478359649,5.98155067238511,5.45995744989011,5.75541214645241,5.14922524575586,7.08243286839673,6.21537752424265
"KLF6",7.52814354627692,7.60119681944758,7.38778795553593,7.01927418920492,7.13117775928645,6.88264389285043,7.46912624076102,7.21439818514865,7.02779375093585,6.88045472055423,6.50224532801337,7.28071098532468,7.49564322241463,6.35963970327523,6.38109178466174,6.79472362632928,7.73723810557764,7.24180793066416,7.81864140264718,7.11403136324469,7.04731289395915,6.46755945698883,6.98458266927407,6.61046984421343,7.18710319586704,5.56502192915232,7.97785784328001,6.05066791388635,6.64036522978963,7.16613589868381,7.41706941950274,6.69669781538101,6.74882691859144,6.15525505102893,6.51894653941945,7.79808730912152,7.79020975249188,7.34463182426177,8.27785297777391,6.76337038034194,6.17030207392215,7.27401373904365,6.87162247083145,6.765915591846,6.64459131627581,6.5010461986954,8.55247298958098,6.83319677289455,6.63088645831725,6.69101621619716,6.57830574729332,6.52221145474557,7.59647647411875,6.55943467729875,7.38535284537545,6.94513623009506,7.59650108564471,7.06907594095433,7.01987146850543,6.00932793577308,7.35560874211454,7.22033313299094
"LYL1",2.47514277405113,2.3246656558221,2.71153244974105,1.48811511209456,2.59656671734143,2.97307588926329,4.15862100009418,3.92815889281186,2.83352195839216,3.06489918721821,5.23766846574986,2.43325967284221,1.80314709815838,1.96792544375973,0.596122105802271,2.04611498561674,3.98491331346727,3.02423850063274,3.37534665485617,3.49338599504659,1.64659632738329,1.32747280403586,3.15210682039998,4.22480576253166,2.62965841116628,0.160562954564153,2.49383277101883,1.33971007532205,5.27976084236397,3.94211118406124,1.76213539120788,1.87815765707217,2.16615902456056,2.47279197782347,2.99559682123791,2.45183295226219,4.12027360264087,3.17976484367411,2.76616381715292,2.63210564743957,-0.000127517699995078,0.487421129428048,4.92204600907675,2.18283815402262,1.85146487587858,4.46246795376403,2.54228998007156,3.58811874209192,6.37007953486745,2.21015884878621,3.39655563156539,1.17922507336379,1.1536572671764,3.09120190658022,4.89015231064163,2.92842405650142,3.74951111605533,1.76781081244841,3.11049915187199,1.57778487054506,1.84079031846018,2.81292707719631
"MAF",1.8801052208104,1.62478771428594,1.99102666794422,1.66032171326555,1.67631713972121,2.35690798001288,2.12261598888241,2.68047635951921,1.83206861160408,2.1440075302119,3.31251414468998,1.8914874042807,1.74611103727248,1.96141050373284,1.27300471824906,1.79836347315434,2.44289102158846,2.22136508306704,2.30587048166699,2.37026967736914,1.5724036861443,1.74792447354599,2.55929856474368,2.79491523881238,2.19074048401194,1.25491167589814,2.94427495071201,1.76412468276621,2.95921794759865,2.80324639895059,1.71107730071399,1.85006921163393,1.85800182151995,2.51211700025738,2.26017784847011,2.18300108450874,2.80388764284968,2.3459061721319,2.10393265887781,2.10242385465082,0.508152463912823,1.08071799364128,3.19346077257155,1.92323037330931,1.85073773553969,2.74683260147149,2.22947664609388,1.54182438965479,4.12311642346856,1.64640562478132,2.33879133071016,1.28971767764249,1.84504085931992,2.36180113445015,3.28308313689052,2.13023682947155,2.56001475114689,1.57857225444103,2.42482769048094,1.30935227290463,2.20858976607348,1.95976339104914
"MAFK",5.07279298860338,4.56278896818286,4.50170496927198,4.53415926537866,4.73751723292841,4.92073034204776,5.15560509236179,4.63605974397394,4.1533521025008,4.52352354315126,5.18297345841489,4.31364411838653,5.15041531781829,5.15341970894461,4.01419248856811,4.75150838504874,4.9915070714878,4.5456042721798,5.22673117255714,4.98252731506695,4.67230667977115,3.9951381066904,4.65786833705683,4.23581759613851,4.67625047230793,3.87640631452515,4.22843764925073,4.40708207474243,4.42890670359642,5.28318576052402,4.20214160293675,4.18178656083307,4.835896392356,3.8808632098352,4.93680273957818,5.12451429128618,4.58389087059151,4.57273805327232,4.69711997703584,4.98183661001478,3.78890619280788,4.6684323511669,4.85371456129926,4.75548853355612,4.60792271481404,4.65132865965271,5.32379968445076,4.77047387653914,4.26216481543978,3.96295441205934,4.58966287787833,4.39342081219849,4.95997073703659,4.31935252183322,4.52701779178163,4.43210386482859,4.42930162222347,4.75597711048205,4.11712433278792,5.12571350551939,4.85719040979337,4.31774610983299
"NFATC1",4.99562552294728,4.75279139842874,4.87579125625974,3.67506081398745,4.48929275681493,4.94082530153697,4.9373263441385,5.53586558216627,4.29685352258254,4.95376177911323,4.62311095515115,4.92005920322523,5.20324439820509,3.51667285492034,2.64200811991497,4.56617384374566,5.48061868928853,5.16102949189822,4.80471407785208,3.94791388134084,3.70459345704542,3.73233923949627,5.24700864876644,5.06369585736209,3.39275117268068,2.9583464484655,4.25951236992569,4.31936802482366,5.15764313243681,4.505170838293,3.30700960863647,4.08933234365561,5.04029053276812,2.90638890294392,4.01391172641665,4.12644900033892,4.68324703467211,4.80723802653722,5.24428584415759,3.64704599794841,3.17698560916335,4.31372536198959,5.35889747660985,3.45323377719364,5.03654359498182,5.01046961896568,5.69760688788298,5.10861593935985,6.16025425673723,4.14218535646869,4.99255491795731,3.35578602815733,4.32049372207898,4.86566636846751,5.31720665337432,4.41227825952152,4.95739933186376,3.76923373751012,4.95744283496711,3.71318332993954,4.60178037434534,4.62895903202571
"NFE2",4.76090408484441,4.22090349928439,4.45503622012195,4.43583431190471,4.22365037282754,4.49064233120232,4.79410071947199,4.71409162020145,4.20353381191134,4.47896781522739,4.83725921431773,4.60318938152862,4.08818719967339,4.08830456652712,4.13663049975171,4.46534333235062,4.99425912070801,4.16425358047969,4.58250484939051,5.35298583785174,4.48391691958849,3.81330717611291,4.45232107111676,4.66193351765544,4.60728124446613,3.2412617102584,4.03742662726284,3.96304426721,4.96294860261185,5.05048791452408,4.03313870527237,4.2967153647943,4.25492901496732,3.78606299009654,4.88832448278123,4.62752969023033,5.24792382585736,4.219829834237,4.30303741049402,4.87100780310662,4.26107269492022,3.3632000064897,4.37458523802214,4.01993318474454,4.39456409107494,5.12711491505671,4.59556812095968,4.50527503921703,5.9904953392863,3.53013839680998,4.50957037884728,3.83606225338219,4.62660962601925,4.32062291411701,5.4743311593684,4.39065324502041,4.45316695140088,4.14038684963173,4.4021912782105,3.78526662971926,4.08887403981153,4.99234406974914
"NFKB1",-0.188721029147476,0.214063809447939,1.11311004234547,-0.174401233053027,-0.00914126125925604,1.16527203740578,0.903876159440493,1.04781812178699,1.57456667715506,1.18204471222255,-0.546417441612727,2.33867931043286,1.31744828816685,-0.895747970162917,-2.10886444475673,0.568079638990805,2.06180933506965,1.59578281379881,0.7575495100372,0.29550513325687,-0.466044185017517,-0.185038382864481,2.52750125732575,1.86754300157843,1.15879951459567,-1.855025261636,2.01425038203483,1.43827897638614,0.798529983203716,0.988410061392571,-1.1778678437926,0.555028916525325,0.746521246878162,-1.06316543478433,0.239033265589863,-0.715855946443026,1.41863267422246,1.49633968529853,2.33214727812825,-0.424733528481878,-2.18182435751075,-0.551033796783109,0.964254192364745,-0.210932302509688,0.66357957867379,1.20641261688589,1.99166425223559,0.92397892100227,2.94984360204211,0.41359285193516,0.613992057682921,0.370014398269452,1.15486841035858,0.793854713419885,2.51314838007989,-0.933311884819213,1.63513682397471,-1.24686672535814,1.69191568589315,-1.15524205325712,0.610609012054773,0.414485109587499
"RARA",0.807842538377324,1.00674948241708,1.20042261686862,0.45265821138733,0.217177617944106,1.40108502558925,1.1657917394816,1.47910285507334,0.867285192356945,0.958669460597158,0.262559476050758,1.59499321211351,1.1042732817796,0.625746334094632,0.0263167155918728,0.936856809658098,1.25697347826862,1.47090982316017,0.736816959162782,0.997444048523839,0.511901186830239,0.496476304326202,1.29524024451413,1.13643948913156,0.988302915159782,-0.166691755199895,0.859372949317426,0.989746883091025,1.31594806036887,1.09966038248556,-0.524946565450166,0.62677339072626,0.0102931957184932,-0.100341259046882,1.31719212191192,0.116449578893224,1.03045145993568,1.23400493363957,1.15784604524819,0.631970951886564,-1.09417163099646,0.482823450591376,0.801625801560214,-0.0740039274724336,-0.093020469079342,1.03445674454932,1.68328548217228,0.0159611288698705,2.16063762697134,1.60133654219256,0.18153248651546,0.582581951960766,1.00062014913237,0.876010100963058,1.50204153863927,-0.0112427991787792,1.36820300096816,0.683378443723896,1.01074727203932,0.0410736566211598,1.10059499424358,0.27243004323716
"RBPJ",5.48748087034846,5.36395753028599,5.40468045921858,4.60557188261553,5.01965202791176,5.20385931021244,5.85229514101932,6.21209190812927,4.70562523293154,5.87098920279513,5.5546947921919,5.20197229435565,5.15324111445889,4.9909838990313,3.63827455734765,5.22154973199954,5.82900813636288,5.87785537432271,5.47897459326315,4.27779225781569,4.62299372444634,4.23751455776059,5.65863633026174,6.27868966402818,3.99849603331132,3.50533476591525,5.28113050644881,5.25852653982543,6.00255555842918,5.07211839099509,4.11828504640691,4.76449281303929,5.37068425704293,4.75582841856371,5.36119685098473,4.35215205001182,5.15446341457729,5.9378930404221,5.59697237578274,4.80537716207151,3.61767436998393,4.28721418294265,6.005444000794,3.85907376280883,5.37889943055724,5.66976329053492,6.06473572882572,5.97447854685656,6.63243122864529,4.75554257688218,5.48944095056057,3.39589700720525,4.26931622144704,5.26291270310973,5.72344360492271,5.06112352375065,5.6873595352345,4.20404507567544,5.74946954380258,4.8293192369874,5.10388221538249,5.37955548043381
"RELA",-0.182577208000726,0.236913933768234,1.01084873343947,0.404660822838247,0.191681833642039,1.07115899005128,0.354595173018537,1.06969247099996,1.4300126333357,1.36690559807351,-0.375377780947405,1.93934409583329,1.29101590000967,-0.516658673756135,-1.70436384866448,0.542064990417171,2.11255244730294,1.05968038223341,0.675218383099193,0.344434772858277,-0.164278376723403,0.060836732669431,2.57033725908613,2.10689909002245,1.61899657894921,-1.45726950502282,1.82136211147568,1.72680588660731,0.34856728648602,0.924842042964848,-1.01130677184508,0.705082493422116,0.612820689126735,-0.609182439832561,-0.128171765476056,-0.45985425971574,0.955887856275842,1.56531614271934,2.204124764733,-0.253405236192482,-1.49841412770069,-0.560191561999867,0.953209825540904,0.288300937834094,0.82043503039006,1.43473666574883,1.95309631583904,0.76687504043837,2.79939775235329,0.248878582941997,0.862588227500998,0.820828896647923,1.5050481099085,0.799831683010695,2.20423362788918,-0.807467694771542,2.08302165594054,-0.980040818750522,1.86919044519432,-1.01706892181296,0.535351510634961,0.133084140589306
"SETDB1",4.4726089511905,4.0169779941985,4.31714971684007,4.10781499148474,4.24558813651186,4.23213582222315,4.26260352580793,3.87483592571307,2.70820870831566,3.7528424326433,4.39293287336704,2.74927541083047,3.91957299552554,4.61908662599486,4.18632525163444,4.08376215713018,3.49609309542846,3.03040601662226,3.69475258558288,4.31561720156733,4.11047321750202,3.5028862465117,3.79534101509733,3.65108157066165,3.3238865495998,4.17316222425496,2.99456313669584,3.37748847697477,3.6397330654207,3.9566202162246,4.3461968981291,4.02629522669844,4.15301812403459,3.75975341970391,4.52349270025113,4.16720896564115,3.13552347801488,3.51366077246072,3.81296486677284,4.50163441878747,4.18970058328399,3.6022959009166,3.99920565639011,3.71234652360049,3.74512811904372,4.24981541166512,4.38849751539922,4.26215603999157,3.33846204299934,2.94646346453091,4.55182458014111,2.77473420009253,3.83177417459905,3.6545496795901,2.958466740179,4.72118284189948,3.69543512983675,3.31606929615422,3.13182164095936,4.70964465373537,4.64683871030173,4.63477308366928
"SMAD3",3.70208424601782,3.13442757231411,2.73397581893828,3.63666139625402,3.12181036369675,3.18216672048414,3.39929134431291,4.03807498815692,3.63467575315665,3.63180395713781,3.39933705487836,3.88970998026908,3.35131483567013,2.82606354165534,1.29888482291175,4.44447518396397,3.4748809485214,3.56339560200114,3.69168164181721,3.09928746543618,2.65432193591527,2.80911714759131,4.46699210633304,3.81976150471071,4.63545827674599,1.94932034679474,3.92037509928899,3.22185261624504,3.97863574169014,4.33187787800818,3.19310651823993,2.37402829141441,2.76633525961304,3.66201460336688,3.32474389556997,4.35294775235205,4.19160444483792,3.80067832897642,4.69960489976718,3.34549611782797,1.94339503456692,1.99243162858777,4.1302902158633,3.96278957294495,3.25095957107124,3.19609906857068,3.75078632265203,1.9922102989598,1.26275524475634,3.56766893082451,3.50570491987767,3.10932211033183,3.46698770643329,3.06766235106742,3.31199775550474,3.12572512601107,4.27189843928122,2.78539365147963,3.44787855186216,2.88559976596692,5.03208042664178,3.34224604694507
"SMAD4",0.753340044439988,0.366788122137057,0.908512774280847,0.934069829626444,0.172409663129717,0.0284125879405203,0.573772169603138,1.36216804232516,0.921189064739935,0.625768733112964,-0.0247592268800722,0.856878839682338,0.929634868314762,-0.311321661232614,-0.731209861217589,1.45823988954418,0.548283965979355,0.762434364369241,0.854761214499155,0.129337803685186,-0.272154042248946,-0.441520012003851,1.19513231893979,0.654507002840142,1.52134103205137,-0.289287775635226,1.20189192634152,0.438995765024287,0.713671039115517,1.10879864040586,0.768825827972198,-0.0840895030066399,-0.229101057771351,1.31588891343457,0.152998961462447,1.0924364568409,0.934439570155319,0.897660422897826,1.63081174771184,0.375575582088749,-0.642915955419528,0.143425263309977,0.738417552893817,0.636790381101134,0.220260045084601,-0.143669625348453,1.26267368367753,-0.226769213612314,-0.00874506374524414,0.720459111416956,-0.229963346566871,0.643325060733232,0.869930654577973,-0.0516563200433545,0.407163038392691,0.361943922729939,1.26542303693212,-0.340059279552653,0.347837428001535,0.285197133531002,1.64511909317209,0.576109196472923
"SP1",0.575462232440768,0.991358816144957,0.0202893864789551,1.89510512053182,1.18547062712441,0.839147283956203,1.35388965361301,1.88551908927096,2.80848614809037,2.47654151258037,1.54702907046689,2.14795771218601,1.12296435871652,0.303223709461653,0.319066162376069,1.14608381618021,2.81383946626819,1.92510903457664,2.53031368437771,1.56916621939468,0.897749156496457,0.75195380229858,1.88387624514905,1.29584647074303,2.09992917764785,0.665518365442089,2.67089533468575,1.16886076590625,1.45166833775068,1.94933477291364,1.22530843120423,0.684009850768944,0.940641564433206,1.82150690164772,0.682638185171843,0.802787614704256,2.2292034143141,1.49357057676858,2.31245810595188,1.93421950527257,0.864063548590115,0.641708819719986,1.48529335722895,1.42375519712902,1.44532628895067,1.06776409078219,1.88557525295378,-0.0132355217419122,1.68533280271395,2.37153301450157,1.33221768681267,1.63830922859818,2.28182271890682,0.890303813826562,2.07012150453648,0.765049049261816,2.46037376078687,1.21380084776476,1.7976276431805,0.14713263467041,2.5503210689179,1.38280561375422
"SP3",-0.646239248445436,-0.5065854611653,-1.03802487536384,-0.861867124721846,-0.403103919825993,-0.906694937373583,0.0951526184194239,0.00872263353077069,-0.0911558230146462,0.29841840239518,-0.636935919424604,-0.26938041140064,-0.651856409441657,-0.328470047530758,-1.74506311094121,-0.10425057195478,0.780036718132517,-0.0765049175108989,0.947538170512715,-0.483542181490157,-1.47050798000354,-1.16659350380513,0.29122020702687,-0.284634489743793,0.230183732165934,-1.0328508531248,0.264575232524399,-0.399219572400086,-0.985964397825188,0.320310313369704,-0.511101869060317,-0.561682548872398,-0.69744808555223,-0.337033744858422,-0.153165165196886,-0.884552623840777,-0.0942489661300396,0.515217655666507,-0.173185226427992,-0.545302210605483,-0.997196961860927,-1.03561368050138,-0.502200735108238,-0.182927183284116,-0.37867230178121,-0.523674167381749,-0.447283713172256,-1.39348836983513,-0.214620726330556,-0.572342161314005,0.0080384621417807,-0.997987856280977,-0.508850698435117,-1.13599152523007,-0.5198081213627,-1.61802399702886,0.415197715627323,0.596759846090287,-0.682778551845563,-0.767874599861205,0.165052215041505,-0.669090176729029
"SPI1",1.49166142969376,1.74253870919651,2.72937635679063,0.247883499088191,1.9288309236934,2.13536663039504,3.85962238344014,2.76964729620021,2.42499332903903,2.84010042726616,1.95459468512231,2.74963724359214,1.95606753843669,0.00824816855394853,-0.838624823800175,1.4580446876525,3.24473823797392,2.87708052859901,2.34848051844504,1.43675993462736,0.98728959607223,0.854300340890351,2.90892276589129,3.7365679287796,0.541224841794665,-1.18345496221179,1.73028170026383,1.03454605756736,3.81354905502595,2.29708856326781,-0.924564762239988,1.61976808314878,2.94342684307955,-0.17875367828632,2.58716240350146,0.21121696914498,2.90063448489584,2.61356226408228,2.22028306747723,0.759302566957398,-1.86141873070157,0.708664911884564,3.21881506025787,0.165787071970568,1.98593601582897,2.92332722528945,2.58766194469469,4.05744024155553,4.56049369563251,0.943920719722775,2.19158927199962,-0.466609102009345,0.798054180686274,2.29631781570613,4.1835458304631,1.43567332393214,2.80197201554884,0.283220026735155,2.82102441882421,0.500529144933684,1.39154822085729,1.92667539014375
"SPIB",2.56264487777074,1.98218110809511,2.9534834875812,1.41133179966609,2.96898107231428,2.98890299810288,2.95310922915062,3.95887005477781,2.49351962824647,3.37866048795126,3.66633576957529,2.31984835953071,2.97293865264972,2.95634813003597,0.815603360908272,2.69451487224078,3.80672679478187,3.06559299377675,2.83720017609322,3.28900799974151,1.45363571751555,2.37322587117529,3.52097977391495,4.24705198178802,1.41601015341401,0.625999097602996,2.51671060675429,2.97443213632146,4.08069864157,2.59055837279111,1.90743840860621,2.81002692004694,3.40088087618865,0.800312599247765,3.15676849162486,2.31122309406385,2.62780653918833,3.8430702342491,2.98485715060709,1.82742867563031,0.600754285349679,1.87844467516059,3.6942735149563,1.7507990519934,2.40974637379687,4.5223759023421,3.18780101320216,3.44000861949307,5.92369387325446,0.666390505270395,3.99179990750518,1.36503409266402,2.07290199304426,3.26959403772543,4.13146618638577,2.34478132366045,3.50847276557969,1.48211672890137,2.86330613038032,2.53378588216207,1.96923389877279,2.49074993676994
"STAT1",3.76886274426298,3.35826996113616,4.06589889686909,3.45170070995686,3.8245236195844,4.87806857898461,3.82934779670203,5.16835121122365,4.0900163724176,4.77466704073554,3.69188373054456,5.33901621344208,4.01839894308498,2.85547972769216,3.05052127238684,4.04032662256142,4.63790971970075,4.36144964984206,3.50744053414678,3.61281709542817,2.91331975789193,3.02146603698757,5.60754073433956,4.76804814074266,5.16578252356478,2.35176110947429,5.19866397340767,3.88520640617637,5.12442788747545,5.1644865367888,3.13547241137428,3.65682017370029,4.71281803023707,2.89245436289236,4.20968368129079,3.33412634039464,5.85381575045811,4.86422392088697,4.8084864933533,3.27238383544539,3.45981100949242,2.57275129895145,4.65457944744294,4.5199327135996,5.22129052948353,4.77919424031095,4.33743170117422,3.86144950331953,5.5115425585611,2.7640931660147,4.43193778909341,3.20818734858107,3.06917555637323,4.70715787298481,4.04145155516496,2.81270669691445,5.66186084528836,3.82314501770436,5.55266467719755,3.09950526283622,3.83725805424852,3.98470625956254
"STAT2",4.3167787918895,2.88997751914534,3.05747003060292,3.96769910619457,3.79024322219284,4.93224286735827,3.84592190174228,4.40471561238722,3.37848161525197,4.50994840294472,4.38181903763935,5.58512539967366,3.29279286682314,3.05736283036041,3.00638295074025,4.08714788561889,4.40930507884129,3.84811108895595,3.28902546805823,5.176647953014,2.97968345319946,2.95814481056392,5.58885832207063,4.35093987979828,5.27116554656743,2.49728393607074,6.00541072483319,3.00247935552985,5.9157081462156,6.29989172342249,2.43359230576105,3.52417135504439,4.07751612319215,1.97004124507399,4.19980914356313,4.49205842740722,5.58623670824401,4.26808541400032,4.48608729401492,3.55022810134,3.01946266427772,2.76716727373857,4.76677023587788,6.26305073713266,5.05413925943799,4.90168122710513,2.99235612748085,3.25297036538116,3.92594982300924,1.36926628813476,4.56006880647074,6.25254108574575,2.32550042684498,4.8704852110042,3.9120874851745,3.25912814143654,5.73443860319014,5.88632880903615,5.75741203920919,2.97948188051295,3.05572649792548,3.16768757760386
"STAT3",2.15463429691478,2.70491479000173,3.62079300629516,3.51618465621707,3.36855084194977,3.19614362465607,2.64825286482011,3.11756482746339,3.66855217048767,4.17598000446643,3.0415219521508,4.23300095543446,3.77314782106604,2.54330900574853,1.54592839602229,3.81236395836809,4.16572228977595,3.84412600908148,2.95250034841376,2.95993269215861,2.17975381690826,3.31025960291356,4.2360053711028,3.85331523833849,3.04671409885771,1.2603887676368,3.46145640134189,4.0117131642927,3.08802644360683,3.25033862176394,2.48952149345325,3.55315604302993,3.41686829711492,1.5217589662952,2.61704143795902,2.55132308249502,3.54248098943435,3.99293201045542,4.37994614289767,2.79915910691007,1.59872299430128,2.10325791976808,3.64158303016143,2.33263514565853,2.67481360508829,3.53860384175876,3.97611115739986,2.22152711440221,4.62696532769324,3.4651325453578,2.48046063635704,2.62673951032962,4.03594664776844,3.03489790923441,4.34626088849849,2.59400817377216,4.08720944251134,1.46710839481163,3.53238866112659,1.98554940024018,2.93962892813208,3.35236490669418
"TBX21",3.96318772626503,3.58538821162386,4.82324410012892,2.81309568531399,4.49200052608966,4.58296525324293,4.23731692324718,5.44549504012034,3.77231234752693,5.025949436351,5.60395770149298,3.88259528222076,4.63421942345096,3.88092882823615,1.59262775449818,3.74892792536686,5.50427836472275,5.00296140611556,4.35663728634325,4.47923849830995,2.5078590415221,3.24656003298085,5.14213450216462,6.17707640993506,3.07404130910056,2.05911638488019,3.32392903490396,4.02792416426927,5.99317758844467,4.00057198425532,3.62760568778173,4.0423687300425,4.48160873733687,1.42709486929338,4.1211489263436,2.53107325000499,4.25564009289015,5.26707729392367,4.32745713148399,3.13811664550089,2.2312025559983,2.74593687298623,5.36855419126082,3.50499944359643,4.03480914202823,6.55311643105196,5.70819546463803,5.23916509264147,7.62302639851412,1.95132111481643,5.35170040485298,2.69193777672691,3.24885492359826,4.9442415310029,5.7776057252877,3.77859459495574,5.54910627678888,2.75956688960595,4.34437745469549,3.16911594704261,2.93435715086231,4.2749736666887
"TEAD4",7.00942116612546,7.07034392549564,7.48006948074693,6.17775249483103,7.04007579605412,7.10393878159338,7.53178083558586,6.71231269172487,6.95874870737917,6.92004100169095,7.02915246033966,6.5324592105675,7.21123058468694,7.00687823731236,5.51122903036749,6.72959303926362,7.41400257585496,6.91285743136937,7.74028950906994,6.68755616839571,6.40423571096608,6.08505700061902,6.95532131713087,7.09162637627996,6.11640225760776,4.88363887499667,6.72796757716607,5.76284586643983,6.74493197770461,7.29156934511702,6.07837515993043,6.44264671764651,7.49217693023886,5.75634312858635,6.6476652872608,7.5852393362035,6.46509104705344,7.2042327845002,6.96311154072852,7.19344626656384,4.99721614857745,6.11985961434574,7.44462422109088,6.39068813415381,6.17037421011953,6.67649653022836,8.0243803749228,7.20794413996951,5.80810104834648,6.2580558662084,7.2458959647313,6.15716459293601,6.8383143927382,6.59756361193128,7.32780348894976,6.6878613134932,6.8585246229498,6.9929770236014,6.23498071267335,6.4121745148866,7.26595437909573,6.40413484786765
"TFAP2A",1.73231264638282,2.0061577837349,1.62227540566842,1.9593914598839,1.79581500653985,1.77749860845822,1.430382034899,2.19553664384332,2.27211032408519,2.00530812762121,1.29468798763704,2.8377981226384,2.41011698795123,1.49408088197728,1.03327022509556,2.45738726516303,1.78467214110487,2.25820217597257,1.81330209767712,1.87508260553242,2.05687489812218,1.69694192011145,2.47145088922192,1.51684564851336,2.38010642825373,1.32241640118912,1.91384782831946,2.31548152721659,0.975551877085221,1.46079442143522,1.99521949695375,1.73193325516487,1.80045207993923,1.41418874755101,1.4226976513527,2.50762356311407,2.23534480876521,2.20294657489979,2.81633240283248,1.84987199765336,1.59233250741591,1.12561276683104,2.09320011861532,1.38627853304882,1.92004841018204,1.53155050018538,2.27602598619164,1.19450905471256,1.19858748218767,2.84042131775645,1.69110891710707,1.47966235565456,2.2946038972791,2.06623096388271,1.81538782130706,1.29629618343707,1.92413427784413,1.37896985962397,1.78377077045501,1.87565589893274,2.30844650561296,2.29953728484319
"TP53",2.54407253651295,2.42109374665836,2.64359682528,1.91669995457576,2.21081547789588,2.63369431129806,2.63218275524675,2.36569986645206,2.32394893928111,2.89870868636758,1.80881890811779,2.82379237238086,2.75360763113509,1.93009304710363,1.25368284449657,2.24632411409041,2.8874679079746,3.11150413586608,2.74504726285847,2.15655030037002,2.22729875930456,1.95153932390273,2.52074989245989,2.9050762061768,2.42798188826424,-0.0345421460048382,1.73585242467784,2.31021754377447,2.24601402998335,2.85302526669065,1.6560065217166,1.92894071236998,2.08811406793349,1.03407252401461,2.28365477454474,2.31882037381484,2.49374031412336,3.00903590453449,2.98259009800818,1.42404806264886,1.64063822931002,1.93885859913571,3.04708428698001,2.71127751492901,2.32079265721064,2.38712403773905,3.07432538453776,2.18607616817424,2.93654899976564,1.81151686612192,2.31285728057513,1.79597520168337,2.30377412035366,2.88806811858367,3.41695875761345,2.08218952303927,3.3819953204921,1.58454828620302,2.05163171670043,1.83029902644625,2.40142892673556,1.95432875073416
"USF1",1.81134126012411,1.82301027413556,2.63968704023673,1.18118150710853,2.05111139473544,2.45294074418512,2.33877328822461,2.04260534961024,1.9256423848512,2.32138828803381,1.94044794469769,2.14517703286713,2.19303505572315,1.71939330305161,1.15101269933546,1.8487140303964,2.86788847210126,2.42210663502208,2.39595392273847,2.27050428557439,1.62903056988803,1.61686538220532,2.36770077035531,2.53191028130947,1.51546555237335,0.741355607137715,2.16488036378455,1.43239804448111,2.39848450939776,1.95106849536557,1.08536687878138,1.43580749490563,1.86180969337885,1.25547659620379,2.85953615440091,2.09473802980525,2.02733031675002,2.25563059088389,1.2231496305324,1.24528204005633,0.138144844108767,1.65716117583796,2.36516528995467,0.91951531024827,1.2035525263816,1.60714391287548,2.13398455186629,2.35530881170552,2.06074134685,0.816347635832062,1.68557102631006,1.4915121720647,1.72777164135379,1.94828024093395,2.56666414093662,1.80795256931142,1.76335661617266,1.54059081581528,2.02942672116309,1.71701310115632,1.98379152630047,1.92936844753246
"USF2",3.2516389702132,2.67474936511211,3.49098679726854,2.20138064057742,3.30879031116557,3.3762293435691,3.26284370519431,3.45180569590243,2.69131221800734,3.13508045663168,2.05095375924605,2.8143553032784,3.3847983948356,2.97887723075262,1.88190635752845,2.83211071212268,3.89008195007155,3.60726366135289,3.33485656041972,3.35466743116527,2.31912832060258,2.4300508946648,3.54510961872365,3.34375126515813,2.22484766476022,1.17469339638638,2.98910226438681,3.00023447348411,3.30202067661661,3.02906007858479,1.85659026060881,2.33097835829225,3.33103075030827,1.11455716809192,3.89297976379771,2.79669978056408,2.77225297061451,2.94765482005364,2.55017793225366,2.36762187104712,0.677257299790359,2.68740479731104,3.14971303354147,1.71506648713476,2.32959849964195,2.47060972270253,3.0563892086067,3.41281716503874,3.95701103786754,2.10070512805458,3.54500782315984,2.22328607317531,3.16096058973768,3.26519520972711,3.17663194270339,2.97008446790719,2.60577277572156,2.3747304772705,2.48584116646007,2.79619327648777,3.28963054155116,2.42461803494454
"WT1",-0.0219029451226429,0.413983989552677,0.521022572041773,0.351731095612337,0.499819801613409,0.553289380795937,0.432184610512737,0.544980519053189,0.356659656898235,0.838428289318956,0.156588512376192,0.541597120862226,0.442041358530481,0.960693990724196,0.461224397926945,-0.182668331923893,1.11967478669608,0.274720465199404,0.466729085126696,0.34503924219196,0.885856077995574,0.303179159313612,0.783794963609699,0.78708310986472,-0.321902902001318,0.00271406309601052,0.924966660709532,0.870085280600149,0.895534951109174,0.669233444019796,-0.89496322416696,0.686988608099503,0.276526630910927,0.336040361228933,0.0898116027382426,-0.377926132177023,0.452219206306042,0.833690494694789,0.497543842992262,-0.0579231162591829,-0.366537463873314,0.0379619706835035,0.581669580944126,0.520732441417412,0.510984094563758,0.439308876357237,1.03407382517786,0.837583177435882,1.13236506367605,0.0437513472659661,0.984774022914991,0.18926745848645,0.322339717992058,0.38091658945279,0.185971282508555,-0.480606405791732,1.24367569779573,0.611298277206714,0.757220269942142,0.987243364462571,-0.0034355906032812,0.450529781769575
"ZNF207",12.3686380467775,11.4657256261879,12.0969635240298,12.0367548001535,12.0592590235071,12.2792393343069,12.0464825338172,13.3212680177353,11.7667904371459,12.2085353515069,14.0439232339816,12.4364697089094,11.7084809935913,11.5924200546339,10.2161240404077,11.2859896833404,13.5158745978994,12.6595390051928,12.2259770237582,13.5588060668111,10.8094385678325,11.0744106237186,12.3965679358734,12.9407367704484,13.3773390213,9.98058379981612,12.425672219585,11.0154901752533,14.5699434311276,13.5617279751906,11.8349737577055,11.5410119085779,11.0444424051559,11.8478870739901,12.0737287211653,12.2061256678734,13.4825117196175,12.4439542159312,12.5650855735308,11.4093695688885,9.96062729625727,10.1213214734989,13.1947822697856,11.7861044388023,11.2209657566226,13.7294819853032,12.3034265456916,11.6603737421219,17.4890233940327,10.303140502581,12.8289710206059,11.4338443734326,11.8912734570359,12.9101954277939,14.8777915371157,11.7375587028181,13.3681589270687,10.7461600679544,12.4396105462191,10.6833278206977,11.6038844411168,12.1024147931233
