"","LP.01.01","LP.01.02","LP.01.03","LP.01.04","LP.01.08","LP.01.10","LP.01.12","LP.01.14","LP.01.15","LP.01.16","LP.01.17","LP.01.18","LP.01.19","LP.01.20","LP.01.22","LP.01.23","LP.01.24","LP.01.25","LP.01.28","LP.01.29","LP.01.31","LP.01.32","LP.01.34","LP.01.35","LP.01.37","LP.01.38","LP.01.40","LP.01.42","LP.01.43","LP.01.44","LP.01.45","LP.01.46","LP.01.47","LP.01.48","LP.01.52","LP.01.53","LP.01.56A","LP.01.57","LP.01.58","LP.01.59","LP.01.60","LP.01.61","LP.01.62","LP.01.63","LP.01.64","LP.01.66","LP.01.67","LP.01.68","LP.01.70","LP.01.71","LP.01.72","Test.FFPE.01","Test.FFPE.02","Test.FFPE.03","Test.FFPE.04","Test.FFPE.05","Test.FFPE.06","Test.FFPE.07","Test.FFPE.08","Test.FFPE.09","Test.FFPE.10"
"ARNT",6.86017978624213,6.7950179514043,6.60873660837498,6.0945064418495,6.35243395482846,6.99188653104144,7.10651123553345,6.78793412587076,6.22255132711632,6.52677140641681,6.56511621467866,5.54919493279738,6.27437131553898,6.82909058964169,5.63891332385775,6.98598348845925,6.50711325906335,6.39812275709547,6.77297327931592,6.19413779764506,6.10321456608589,6.40079707878121,6.35191173675931,7.044586897485,4.95650350539409,6.44977792821386,6.64143311921004,6.372730161264,6.25376693239328,6.58546169168802,6.07573373317961,6.07098712128407,6.72703521941145,5.21045819020273,6.58806898580025,7.01730692811852,5.99731683230051,6.76113588785551,6.73914505499761,6.72690168723182,6.20333821411503,6.22932890486053,6.51257350681599,5.40318499729165,6.5608846413397,6.65591212696898,7.50035085293188,6.90132574938545,6.52075000454388,7.22228349955243,5.26913262743446,6.7645784527958,6.27398103533426,6.22476982209405,6.60546294804601,6.25198510114325,6.1907138373858,5.83996219721774,7.18223730391075,7.0272010371637,6.78116512396753
"CBX2",-5.15180392267248,-4.73219218415333,-4.50436193288093,-5.04805399755675,-5.4453656843997,-6.37442207030303,-4.54554514635232,-5.47482934376254,-6.81293116816936,-5.45181599102013,-5.45970990206395,-6.2081240371789,-4.68867734252767,-3.34813963369372,-5.01241145846737,-5.06503347239973,-5.31576472941397,-5.48172669581514,-5.0124386605157,-5.3742128510729,-4.53716819157222,-5.58913139362277,-5.83641336648386,-5.45052360133504,-5.73663513614792,-5.88937050737767,-7.01424343678614,-5.59000973165988,-6.13756181667931,-5.34798065930614,-5.11487534196783,-4.47013889870599,-4.53688909536733,-7.55515832506044,-4.47675325558382,-4.92876306388542,-5.34527309467966,-5.09004473760101,-5.29217687514373,-5.55896469419479,-5.37415397350233,-5.00225233260254,-4.64521460673058,-6.08224814869562,-5.19196765637734,-5.48077197868889,-3.482644470946,-4.11498186185016,-5.70317088347996,-4.65899240421544,-6.86457030274248,-5.57764727369552,-5.93700007157646,-5.30295076050724,-4.939801207489,-6.13157944764473,-5.9932522892114,-6.00774074095679,-5.23944204129879,-5.13336558724932,-5.47146634998605
"CEBPZ",6.34691784262475,5.77092223889895,5.66973222460327,6.52324484789999,5.92598484005734,6.26383013100096,5.10884547224446,5.96611642767239,6.21001282326378,5.3370614426533,6.03328772072678,6.33164943751013,5.66162605448651,5.57745098136226,7.02167316024816,5.36586659126792,5.28971528376955,5.65454440357247,5.31421925550446,7.31186057322906,6.05177083157322,6.51017408801365,5.68055072509098,5.47807310990737,7.54239417013826,7.68463356376381,6.85164907593416,5.62224070204636,6.24783320703874,6.45425761451351,7.09114969719055,5.66027011387157,4.9360903247298,7.42781278065384,5.91730558512027,7.00797505042164,6.31511720241929,5.21913124441962,5.8096850048694,5.78637038798753,7.06178017888101,6.63445030099337,5.64149064756516,6.90006619713235,5.98269989485211,5.86478824026311,4.55430374875463,5.27774976591661,6.72866087376101,5.90188751108804,6.77820445352228,6.14233464104407,6.35479028517541,6.4766467106783,6.3892355332453,5.71517734345986,5.60400643934065,6.29378222481553,6.78438130765347,5.51975820586846,6.12236098702856
"DUX4",2.09054386188168,1.99885116943776,2.57633415331593,1.52993702620096,1.86684925824781,2.03408865835245,1.7860424095196,2.11924201036427,1.74790397289997,2.10153361316095,1.40729070865367,1.28599469986786,2.31459211698346,2.17084864733294,1.90518267590715,1.71937457522062,1.9167539976929,1.97475946394305,1.99924830762037,1.0029913801903,1.71285243725613,1.90391508057746,1.69590924451083,2.32744143995721,0.000125891659256893,2.1497800924746,1.2636462071514,2.06058115133123,1.81217726889639,0.816065358995229,1.1540289383284,1.76028252690655,2.66797392196698,0.820756738113018,1.54282095755134,1.52561293604094,0.994914422243318,2.00123777094209,2.16214125696744,1.41105957938488,0.981020901784734,1.99296550671937,2.45647970300649,0.734104166655444,2.22341110345019,2.03507356668848,2.47628022257638,2.62065902772277,1.72856364813589,1.90581983715451,0.840655200836412,2.19720729909058,1.62131092118291,1.67671533312406,1.79373901141826,1.50534440419109,1.350916048407,1.7175129254402,2.35416749610982,1.66220151257422,2.53679758063831
"ETV1",4.39584911114311,4.33526185403851,4.49058551880123,3.50167416750296,4.0569046456796,3.87813935611404,4.53941305240379,4.01638691264122,3.48129129661637,3.41752670404332,3.85202629099798,3.60514762548715,4.38674055343836,4.1553476626865,4.11533490062158,4.32397365803961,4.09661999428443,3.96137211112355,4.24937749054863,3.36923450589182,4.27799204592938,3.54598298434381,3.72089271093455,3.8578731162471,3.14853459238757,3.24904931231932,3.19173514218857,3.66191430358108,4.08956658638323,3.30600770107327,2.79464294544218,4.20031386547207,4.08894902968311,3.43777919857694,4.4065645178481,3.87073445429489,3.41913249173893,4.23443772337843,3.68946994759596,3.47593400624975,3.21428992308158,3.80361109469149,3.85968478775459,3.28243684041333,3.90305823860561,4.07953112479403,4.68950008695245,4.57458299270769,3.08739613278199,3.73200833142512,3.36620154244468,4.0639952630204,3.81400002962022,4.19651828166284,4.32004952906808,3.45477589473089,3.86488353794685,3.27892281515169,3.85220130261813,3.52898597968808,4.1893338049286
"FOXJ2",4.40853164205508,4.53182106521559,4.13405771712375,3.14104166455004,3.85405302651705,3.65993740979595,4.36102052474399,3.49768573226401,3.4862977236183,3.41416013143543,3.44519557943754,3.33306532286823,4.25323379495029,3.39600789131351,4.09175614278832,3.91414775438508,3.73880142941552,3.96881810206481,4.18644028615042,2.78173311752358,3.96994387894795,3.35528430284953,3.54322210103604,3.82616620730928,2.2218244743444,3.31665714309018,3.33773850777869,3.2712016647809,3.09109567070404,2.52194872611357,3.81984362559012,3.89726038758947,3.71255379114454,3.04975564858825,3.23005544478912,2.90244668867984,2.96980422681045,3.93838352195181,3.93039597911215,3.40755297453819,3.89519455196494,4.79623222195291,3.61882305933904,2.80047178952203,3.62160859555503,3.73466525751118,4.53093862635323,4.47913270508288,3.19235547109271,3.33038424272584,2.48704379624319,3.59465212525599,3.52478806121467,3.60506175722895,4.38888503086504,3.47726930410091,3.36647816780031,3.39102039433962,3.48456882838209,3.54656326522039,3.93743904095557
"FOXO1",-1.05358879089307,-0.834436823987955,-0.85884505341516,-1.41519336693064,-1.30952210502748,-1.50830749478362,-0.199200156089319,-1.78457073493235,-1.15838338860342,-1.14831576810392,-1.20088877058596,-1.34933313781362,-0.978055419254428,-1.57739393877661,-1.03485192441519,-1.08669662968169,-0.619220728825716,-1.06472401690065,-0.432103887901278,-2.31778170261482,-0.593405531861092,-1.23276220695068,-1.16244232471121,-1.3159433548208,-1.92773195397079,-2.1461076706207,-1.85943987267859,-1.67917954068869,-1.51071310846935,-2.47473734947221,-1.76750965798204,-1.23184878159342,-1.6624400488132,-1.45095538790565,-1.47882933319329,-1.94226854943332,-2.83206744856727,-1.90867738137943,-1.44581313858999,-1.15707820788155,-0.879854093377789,-0.579873720494041,-1.66905423656252,-1.2203307836427,-1.47429112873882,-1.80328138881577,-0.857518008059712,-1.0964159896073,-2.15679225213818,-2.05595139812242,-1.43083981558447,-1.12547008265644,-1.89380772755609,-1.49177437649358,-1.24842513029413,-1.26985233208818,-0.782668925846485,-1.57088790175364,-0.979779231544284,-1.75764469032128,-1.46068786623311
"FOXP1",-11.3443066251671,-11.4087112024031,-11.4943610094848,-10.1737947245234,-11.004832213401,-11.1076230152163,-11.7166159350256,-10.8090563680653,-10.0682704582778,-10.7402413917211,-10.2767343528354,-9.88659644656309,-11.5635955924484,-11.1904901577638,-10.2138416161003,-11.0646110800346,-11.089993677625,-11.0039162126693,-11.2308444737649,-9.95654851453241,-10.8877300111516,-10.1572441927642,-10.8484080684773,-11.1876530108084,-8.2230191484228,-9.93292434132777,-9.26585978360689,-11.5997801150896,-9.92938919611608,-10.3019094063411,-9.24157522654256,-10.9794336295731,-11.6205059811304,-9.26139834187458,-11.0538065002999,-10.6965918043947,-9.73966998414388,-11.2698301183151,-10.9241099641801,-10.0230743883116,-9.4049167258508,-10.5499685222824,-10.7668576308977,-9.10490378216591,-10.8177317174035,-11.1479770190817,-11.9424569472879,-12.1469023507566,-9.83949911094717,-10.9766927918253,-8.51505084986931,-11.4618619247501,-10.7827841997085,-10.5278680636859,-11.4664358928057,-10.0101986700796,-9.64125192289774,-9.46656376001401,-11.322431910544,-10.747299608414,-10.9474269472515
"GTF2B",12.9124876326433,13.1805706721924,13.2620389984756,10.9992295489561,12.9941725565762,13.2730954992254,13.7510985807627,12.9861364029997,11.2049846439721,12.4522496507225,12.2841167941191,10.8831626112555,13.5525848203443,12.9552033202071,11.5462883817041,12.7184062607516,12.9925270316541,12.6767540303815,13.0723575464067,10.6796026176991,12.3127068060301,11.3959450614491,12.6771821455936,13.3832565186674,8.21122595579348,10.8117196713862,11.8412866344779,13.0635877635526,12.0099668295304,10.9291439068158,11.281606089409,11.9493782932744,13.7239365788195,9.30704587713229,12.5082376118059,11.7515345110605,10.1370166387031,13.3158813405595,12.6734625741713,11.370580059581,11.3967150576168,12.4871671151348,12.9016221999508,10.0912895732915,12.9236987415649,12.8566055322127,14.1329688863889,13.9989186055095,11.0126748663386,12.3537102169273,9.52476560665652,12.356644613759,12.3936586395922,10.7283692430412,12.70005737997,11.8690146578109,11.7872742956615,11.62066476873,13.1690970069179,12.5460833584878,12.6567927024823
"HES1",9.5463230386214,9.50920479151509,9.22215941305451,11.1997735934582,9.84031418943784,9.81151859723274,8.57713230538825,10.3276535158571,9.88840969365742,10.0093978310037,10.3202813427296,9.8219552912357,8.9442381825114,9.62550322043017,9.53771044062188,9.59159580916964,9.66448026678576,9.83374877593417,9.71175859297636,10.4895032122045,9.58459652312414,9.67940432974655,9.72191331879996,9.2262135155917,10.9654038918496,8.91886177011438,9.74718825066792,9.02552087969162,10.142674912044,10.8456019346921,9.98496791302148,9.28420933578506,8.62334837322402,9.66623251268176,9.95211866521719,11.1553858304729,10.8167771302923,9.59199681799066,9.88298749655572,10.5846183683773,9.75480870055999,9.2856472688735,10.0842401652642,10.592379276466,9.12715166091178,9.916394351301,9.19658538411966,8.57209873789832,9.86052480165853,9.7059289440416,11.1300486909591,9.62533791641435,10.0525978605789,10.1106055764688,9.16546608043035,9.66271665987221,9.19026801877314,10.0146876657991,8.95377661851647,9.90483920675737,9.45088582398492
"HNF1B",1.09950365486072,1.52298032523374,1.36153062482746,1.3023799016387,1.43097441841074,0.857404161238668,1.11071436047682,0.00938463075552065,0.223763420878639,1.34733203815532,0.00580814326568554,-0.193158517487512,0.985984491902711,1.09218964703706,1.42172226783648,1.50312585225869,2.36749804602959,1.35965707392271,2.39643096925106,0.246956944775005,1.78641050131218,0.71266944307079,-0.462558597625943,0.0235046905583055,-1.00665652134069,1.56544668518764,-0.326333939086007,0.860064135585904,-1.17130634447944,-0.636200812789732,-1.01707624700652,1.02454855571187,0.912277239822529,-0.604544183273784,1.63746545621314,-0.0869210066007776,0.299507882174759,0.48378850111576,0.540651734431234,1.46129928155545,0.651546424318442,2.39388025226243,-1.13213448932081,1.7455412165342,0.300378024566778,0.249044269241559,1.09267303137786,1.146246166862,-0.634832684093624,0.254317258502711,2.2706792299391,1.76524926133949,0.36643838496136,-0.267345471584214,1.69666726102201,-0.580886648415898,3.16283982988726,-0.641897505667999,0.886549588876428,-0.0211720303439328,-0.063506512076204
"HOXB13",3.21645507330384,3.93863074674913,3.37196786742059,2.31786317201649,3.32597966574721,3.54317422018377,3.96800279239307,2.30172761856344,2.67154292299336,2.5361455402696,2.96018222418416,2.17292091368994,3.15806678363092,3.73200819966129,2.83739250018585,3.15492522951952,2.6450881886521,3.55782464956307,3.32431190659477,2.09917626462164,2.61998701957049,2.33888033702284,3.27970880119316,2.88706581189976,1.72875699210863,2.13604513712758,2.45506307170756,2.48292088782819,2.35758358032061,1.75736160812691,2.84181955519092,2.57115512145078,3.69361318064653,1.61327643243821,2.97794825404118,3.33240821338784,2.29505182806106,3.22275434086461,3.06023710169228,3.22136385580289,2.35627042008692,2.58814935500156,3.40771448053397,2.58618313628132,3.05215408076352,2.94384311970181,4.07896058829505,3.69020118812241,2.71644317823104,3.00111569890981,2.00826766207755,2.46517510432376,2.66303981390442,2.76495260522188,2.80318061293197,2.28335584956045,2.40064502447695,2.6471206158366,3.98394756459553,3.06087089665332,2.86571700032096
"IRF3",0.183641287595606,-0.67892521816704,-0.996836054778098,-0.244265664823613,-0.339376840632962,-0.0998634656655319,-1.18895740713323,-0.115052158130827,-0.597918527475413,-0.799948380601315,0.481965859114421,-0.0156280249330938,-0.863063868290433,-0.704025476930589,0.215147590029671,-0.810874571380685,-0.827899765497114,-0.516348546498888,-0.831564879721736,1.90902482420805,-0.622004452293334,-0.311264985741651,-0.538595804206981,-0.553761478822055,1.0938499012784,0.237725407584964,0.521898339992425,-1.35780174899889,0.852757544233841,1.07272821808036,-0.066395647862672,-0.49181541589958,-1.28876311621745,0.642250410302975,0.0950897153586783,0.72318317348815,1.01369493805488,-0.863304285912742,-0.654209524419133,-0.566639034030436,0.0345730739106679,-0.632989899350765,0.174228103298742,0.597596618359692,-0.747477580537103,0.160726886045343,-1.24388333675214,-1.13114555173818,-0.75978025786462,-0.100363225317985,0.217543502686968,-0.399630578156245,-0.141141927505432,0.402380887236397,0.196805522959217,0.0803181294365639,-0.909881532214722,-0.18657296675553,-0.423977169180188,-0.649123242327627,-0.0409703241081699
"MAFB",5.80723707432377,5.65008131864421,5.49264579002584,5.1511863930366,5.67986407450484,5.09550248291421,6.24516232549472,5.42512203812458,4.81474936900011,5.25770388734257,5.42982903677786,4.82711506205806,5.74755927549789,5.97282838102503,5.17741200638007,5.32735567946793,5.70339998202424,5.3306911183432,6.11680226302113,4.63460662232065,5.85332133463079,4.7840818079285,5.03807365048479,5.70559800653434,4.71750184794522,4.84974754904992,4.79907573657457,4.78427896804484,4.90024192517121,5.25865420407249,4.42182343971377,5.31256295668326,5.30995758418378,4.57495777048222,5.81250747611387,5.12488041936072,5.18506690201346,5.44558389650839,5.49291842193879,5.68937188566366,4.4355303649844,5.02030415781831,5.49024877243145,4.82510978028315,5.28006404436137,5.55472320569487,6.59090340383111,6.21683511831987,4.08496290365348,5.5791865605713,4.2502835258174,5.08961452328681,4.77821138578315,5.24041351584911,5.6152773468359,5.39817499266395,5.08587930975033,4.75259933873372,6.30741428149093,5.58362857710886,5.43984497313998
"MAZ",4.39404104313905,3.64770735759066,3.46892764483026,4.98313635196811,4.12907902383561,4.31876117187576,3.81328432641061,4.11649349236299,3.75447391909054,3.20919977836829,5.73851355731274,4.07511107080858,3.17407127382345,4.63553102163648,3.49983569978312,3.65341403273488,4.0015064720269,3.90360353515396,4.15557289646635,6.1064244571698,3.67553230130795,4.23737369502989,4.22873733879818,3.80021706416098,5.90225747022133,3.99057025244287,4.01936733401419,2.58443019313165,5.30325282357118,6.07996557776142,5.27568442587505,3.88005882541924,2.81971757303513,4.9218518105847,4.7185697838681,6.18913992481303,5.71531591497335,3.71797921329544,4.23895808384531,4.1900998539879,3.40671267602905,3.05625650186592,5.376746686802,4.88136826034494,3.13012862479594,4.30250876251431,3.3485258170046,2.93796236469214,4.4628746722182,5.11364218118373,4.49075668469376,3.88201305354429,4.33670263015683,4.91882302251986,4.57531995358701,4.27472823546673,4.23518236168885,3.89003641752587,3.8530074394919,4.33735267813066,4.43174992667583
"MBD1",-3.55646720109893,-2.94662272017966,-2.83443233174809,-3.48485068818977,-2.70845550638656,-2.9070990561874,-2.47789132053201,-2.93993656470873,-2.89462824754008,-2.17721837610541,-3.83568551791137,-2.90269149558592,-2.76685196588332,-3.03365494409107,-3.48452447078667,-2.64060967737857,-2.73914103948742,-2.66660410941548,-2.49020392402857,-4.85388813028537,-2.88822479640394,-2.5312205730352,-2.35770989268626,-2.61130249796759,-4.60928595870572,-3.35074148781448,-3.13978116628914,-1.8281844906466,-3.35949876490188,-3.89092428802591,-3.66220666191932,-2.63522111843975,-2.15184517820843,-3.44621157185306,-3.36113820725785,-3.6215733610402,-3.61264743029163,-2.16352167350181,-2.23846707104905,-3.86275105601015,-3.85981728653753,-2.71030235633623,-2.85356073679064,-3.78967313430429,-2.27181858201498,-2.94720563978083,-2.86457548916505,-2.48181380592605,-2.19779588185536,-3.45444482600051,-3.92251082456346,-3.23062305508501,-2.86595270755041,-3.478110640046,-2.9645828762446,-3.16263292015271,-2.38366171530995,-3.00946101452256,-3.5742487481075,-2.50001649379503,-3.34569630427263
"MEF2A",10.2482385535709,9.7536597405614,10.0876570224635,8.26224754484093,9.65943358575414,9.30724319769512,10.8051081975862,10.0571338938171,8.52708713189023,9.32878113771073,9.18485807305305,9.28120965261272,10.3606281320075,8.78828312000042,8.11712817307588,9.60179162068812,9.7413885445311,9.81278333064522,10.1272015672164,7.96435975613989,9.18465424552267,8.87343447508823,9.801874333751,10.0044204342977,6.42245644390511,7.4065745210641,8.75383153441012,8.76076177687199,9.70806413818151,9.20771259183119,8.04481864197147,9.18394902604356,10.4200820726432,7.59753197901704,8.97844602720617,9.2136638593431,9.59367458556177,10.111066247357,10.7123906059143,8.35105225475874,6.28523265463188,9.5035336843643,10.8216863453836,7.18115195786562,9.66936449658137,9.66626332630419,11.2822641992545,10.6412689913354,8.85038507900087,9.59197131262193,6.45083924961197,8.72365106815285,8.61372809191492,9.06973895170737,9.59250019069419,9.38157621538457,8.76142026146653,9.30409288367462,9.08349709732027,10.004640931926,9.95110354008002
"MEIS1",4.68836989108931,4.95871086215208,4.82853708229538,3.20163860868774,4.86953082999414,4.52179551157816,5.61014720105787,4.69802797172776,4.12508345110235,4.43834306294918,4.88346352765001,4.06828391971711,4.54729823253933,4.2108376251281,3.69626297208118,4.5765372205917,4.83487718524063,4.48953800392938,5.21689807080841,3.37789251819362,4.02309399200232,3.89522078416413,4.72320314970642,4.65846512500062,2.54257749739057,2.51028534873803,3.85429497838654,4.02825492705546,4.60262820928249,4.53433193321115,3.8212459651142,3.77617352649787,5.03501927368472,2.96342130762508,4.17306427428696,4.69887731650138,4.04117965324615,4.64917757005697,4.79783255631193,4.27323442870129,2.79862193576105,4.28040081342153,5.36835922689202,3.36980186032463,4.41037016017743,4.4305128533094,5.53118300479289,5.19900594924048,3.99353129316857,4.88880169475871,2.84667472261115,3.48280280360507,3.89842692789741,4.13497606431483,5.02998958767884,4.13565964722754,4.40307944144944,4.29876313091605,4.51128152420867,4.76350290285504,4.38817582635679
"MEIS2",5.32629215423619,5.21958323549336,5.43431362754447,3.00088695739931,4.38403424632633,4.71532256718132,5.84460359068683,4.58842552249745,3.93521431430405,3.82593447184717,4.43281783714143,3.73464211359382,5.1298579718576,4.72224521632123,3.90352389813832,4.72894739596436,4.44722430632797,4.46023125230144,5.27231382485197,3.31103922196261,4.23101824215233,3.27384715599202,4.18998576949272,4.5376846214165,2.55396477191566,4.02238399292629,4.038217377861,3.68217067577322,4.22457030728594,3.88788812540871,3.46253974299973,4.1481084478139,5.30489753203352,2.91224952788404,4.52294810065913,4.58853768912726,3.75894241841146,4.4951173066023,4.38921466431538,3.44784216487283,3.19409296492468,5.13178153914186,5.17015164369214,2.87131613702298,4.30353520857335,4.0900084497642,5.8393494610537,5.78714787334379,4.08939791212571,4.79146588581303,2.67509990964811,3.96911960617691,3.76724442552429,4.44100008263055,4.95412168930187,3.80449779077702,4.43894291749136,3.63123779931164,4.53564099016165,4.79707850645923,4.5516418439451
"MYNN",12.3747647526863,11.2562387981452,10.7334183115085,12.3699390595047,11.33652747401,11.3219573496003,10.8918173702558,11.4128826848667,11.2082415341072,9.54368172474301,14.3321568692183,11.4715089933744,10.0380951626076,11.4286154224245,11.2304474346565,10.5171781023383,11.621975635545,11.3928127827706,11.4483570616364,15.7055597455532,10.8502989564816,11.2680153092023,10.499604691556,10.0079683224685,14.9137492543378,10.7741300690875,11.2499172722151,7.67657277438113,12.9752664886773,14.0057339577241,13.4578261980978,10.9120955337622,8.7109067088165,13.0920737506415,12.82893125552,14.644373581051,14.540579066086,10.2609009860669,11.0272224561148,11.573635154671,10.567248772995,9.86451326936813,12.1994110737702,12.5069574459182,9.29066163955032,11.8062408089714,10.9685334377299,9.97302119610153,10.9154380115689,12.1577986620215,12.6654366211465,11.5604141692858,11.5059527913153,13.6079970450555,12.0361523238233,11.6802251930528,11.4794473934158,10.7630165074925,9.9380111109965,11.4014857605485,11.8482006581015
"NANOG",2.64605700187975,3.04781054442738,3.12794474921926,2.27285822422059,2.46443828041646,2.5920441679245,3.29905511681857,2.48359773216745,2.0958025514959,2.16981858553333,2.0594929238919,2.1438076302681,3.00358343779742,2.67803035500009,2.63158329080244,2.78519000870836,2.32193168260254,2.0970835724173,2.57953722635648,2.28550664757916,3.21378145006723,2.12048530450635,2.31111118558807,2.52993676142049,1.28781150379034,2.32398672829724,1.51180184717363,2.74782048590207,1.82503453508659,1.74247206920932,1.65828524688397,2.7085693316422,3.00763805123853,1.17139813928554,2.40158007950196,3.02106173952089,1.79450174209658,2.62095125629795,2.02528943650943,2.29432919833195,1.90419461078799,1.87801629640391,2.00901139353543,2.03235314545292,2.4216039482965,2.62176384917965,3.6824352520073,3.33455508040372,2.26049157189045,2.53260433046509,1.8129195970539,2.25081826230749,2.25701469197554,2.17057953437165,2.87160315803327,1.76993646990035,1.89986743651284,1.66955387545811,3.89035848576104,2.92963308556339,2.89134412037916
"NME2",-3.1619848186755,-2.03797976969106,-2.18745537451744,-5.00908115502361,-2.89351719109542,-2.97306449442009,-0.865378371153512,-4.39444836876491,-4.13097991791624,-4.33825399427515,-2.87329995853047,-5.96718191681066,-1.69034181371537,-0.811533116761084,-4.30524248448982,-2.27349061503503,-3.05906321522022,-3.40682042566777,-2.25156238491519,-5.02330957023467,-3.03058337160203,-3.89723365637336,-3.96055594958014,-3.2137056936452,-8.42188723872436,-6.02915364635047,-4.89488868615407,-2.97441731722531,-5.31150747358304,-4.77013146546933,-5.29565717634647,-3.89438700373789,-1.25667242701515,-7.44565503377033,-2.94518156874885,-2.6902745099397,-5.71237000431312,-3.04383846628822,-3.44060446251376,-4.09298684213062,-4.45527506082511,-3.58433249744539,-2.4749327600176,-6.41040210265288,-4.6875193028626,-4.01556968934492,-0.570093385522334,-1.08870191130278,-4.27560145144763,-3.42249495832934,-6.08964286732609,-3.4997611395759,-3.77124151057141,-4.25764233109963,-3.8279920745687,-5.24773068545758,-4.44908794628965,-5.62416191704917,-0.563521915158634,-3.04605534413424,-3.24846830820123
"ONECUT1",2.24647592593514,2.76442255224134,2.53704907340028,0.748431207166514,2.18657833582939,3.0989564453754,3.32166750802678,2.29344223086017,1.93626473489441,2.42092004532652,1.87155298940907,1.43807441313883,3.23280462145728,2.23132115830486,1.18723299207274,2.76477802102719,2.55512213352279,2.18507349363286,3.00148126148069,1.79188714578069,1.88602918102469,1.70689737381597,2.36239307127129,2.75194555641184,0.248614368778111,1.89068965784243,1.59338239684294,2.61073157224737,1.29992730005344,1.88210980715991,1.84634761893197,1.78818467311281,2.91529723012458,-0.0632816624235499,2.25798661861225,1.92158600314819,1.64054278621214,2.86602316548009,1.99855570360026,1.53832271615176,1.28517738259546,2.99197686340797,2.43387715632173,1.03465872908082,1.80503423834343,2.18271139008711,3.40669630597052,2.79742873304657,1.71080456426129,2.46424879224899,0.887723328970828,2.09588142150823,1.84919922690486,1.53307662432957,2.52137077874443,1.51224262400853,2.70537810822086,1.5490988576253,2.64084523897223,2.4125735338589,2.29097219110403
"PBX3",5.79387293715098,5.86208545093499,5.95998473642036,4.40619560493598,5.81290938381957,5.34059489114718,6.67286531228178,5.11480046745757,5.34023681594964,5.07974968140205,5.43373977632475,4.24122391828579,5.87473665181765,5.41801409006843,5.15930359629238,5.51386761467348,5.50639942466412,5.47341812546166,5.91596369523924,4.43541249808985,5.93744980554392,5.65504960976272,5.13552651104878,5.51362291263212,3.94021091648831,4.05958186761354,4.69248845980157,4.46261524358798,4.91205138091866,5.05855606440787,4.37101584638042,5.13738804382445,5.59420986415366,3.91592249835527,5.07729742909125,5.68101260161129,4.94732371383189,5.51296384226226,5.33870835823734,5.49436830035365,4.2909801631059,4.81275891856673,6.04400505886408,4.16773662238305,4.9249407028859,5.77240402096029,6.63414384547237,6.54972199366164,5.32379498562148,5.22022492186094,3.78646209761075,4.8552470974771,5.08605473590171,5.33275194246571,5.32323893702875,4.95390766302725,4.95371500649795,4.61046904842273,5.64358852144474,5.4956967166877,6.34239195122995
"PDX1",3.05640855937211,2.88494542250246,3.06992066337933,2.02845857878882,3.03272707083324,2.87642157972463,3.40991787170782,2.66621159401854,2.33807431642186,2.8401093811165,2.95510913871279,1.97020093539475,3.09345382195684,3.46242827860212,1.89690236703238,2.72469887774766,3.07496891915247,2.96690384869997,3.63556802666524,2.24004936771228,2.51361497062313,2.50951158016955,2.50959006310306,3.18046421086567,1.51288992087043,1.67262131974494,1.81603094610485,2.61785502182227,2.08133224150694,2.35787410311084,1.85760261048608,2.43178306397293,3.38474205694073,1.0187379392706,3.0201509737618,2.702714850751,2.46819929190779,2.88376331163926,2.68629873646343,2.40658345289656,2.45990162794654,3.3172105167288,2.93294767767448,1.97908251360348,2.51566764244129,2.77876829945117,3.5206704358967,3.16611713118896,2.26246710237817,2.75428383491608,1.55745049353099,2.64318098501027,2.25543296666008,2.33952195544754,2.24738857490579,2.50294280445061,2.97927605660431,2.19051971787627,3.25606238445795,2.6432287154134,2.72873036251024
"POU4F2",2.34935320874007,2.93613042243718,2.74122391376404,2.2548666270036,2.70108893562208,2.51126906615626,3.15865252276377,2.50718267495335,2.40347026631306,1.85786126538728,2.72504198181317,1.7051046547917,2.75163010068286,3.18786504880995,2.64372007284566,2.45073037863595,2.98316856321025,2.61901639271844,2.74242611402832,1.83490456660287,2.86540858554453,2.11000239828848,2.03310709745629,2.97490727591013,0.726507210205598,1.45667947868222,2.32691642568352,2.75847241497789,2.4543427122157,2.08090102332864,1.87350296590198,2.50471737586735,3.09529351314668,1.9163551295194,2.92464898640229,2.45484492266286,2.13656009165221,2.75472925526589,2.63958889322828,1.85902838424878,1.98104358498434,2.70905040341995,2.79357674118337,1.54210655312886,2.4817097576367,2.80231626274681,3.33460946531149,3.17001245929311,1.42804437634544,2.63871205665379,1.97692785143095,2.76441378770507,2.72458691065977,2.00464892340741,2.35816173294593,1.63498210050852,2.77923094435236,2.18008624196027,3.4514222667171,2.19803255401886,2.25467716791226
"PRDM1",2.67527833569391,3.12561207802375,2.99697560493111,1.47596554279501,2.65952184022292,2.57215663272555,3.07800650857879,2.02397958230441,2.66706885285628,2.66400733903516,2.13773265870927,2.23323022222052,2.93229408878029,1.52865573919971,2.244635865498,2.72107595657714,2.73495819945992,2.66614754346088,2.9699675701698,2.04013130084939,2.45074332415824,2.4966549669172,2.14502688377204,2.46491157087293,1.54874416279463,2.41819437326583,2.27283175633108,1.76484524450973,2.14816314233403,1.4002423295248,1.48453254286051,1.90006714064552,3.39627957442252,0.674426277728476,2.46420539394955,1.96855278520689,1.79317887007665,2.30734875589632,1.97676278671201,2.22286659330029,2.24652174223807,2.81327240116448,2.14273116771381,2.52253037979632,2.20381681773435,1.97922575832782,3.04503679133588,2.9802410273302,1.61803267377417,1.58351991694523,2.64219735072798,1.80123317626962,1.93489477727328,2.19166726344324,1.80514523641969,2.54091218713595,2.67166671099583,1.69866230272044,2.06035192436373,2.58489152236651,2.61227307460695
"SATB1",5.69444888052609,5.45617621197554,5.73369622054578,6.67897896069149,5.91712447673882,6.0713657586609,5.99778118753809,5.92272375624693,6.88417591962265,6.50802325632337,6.57775516582832,6.71185238219663,6.02890394514886,5.42693110372243,5.83621429741913,6.03298202629544,6.15767384930812,5.96830070549709,6.03996694207307,6.30147396712136,5.77270594919658,6.26311748952728,6.25174330032073,6.03090805423704,7.47999789084662,6.99801090615235,6.12151639953457,6.72845654618384,6.56576416148229,6.13403644616176,6.64820445565194,6.29035249390717,5.26516160471304,7.32363971814113,5.91745538857518,5.8049860017907,6.33645197206707,5.75622961438282,6.02268239208519,6.87718104060228,5.97301812340894,5.78566811297639,6.46912034494663,7.13216981849852,6.17594335982293,6.20218926416129,5.67533159748168,5.79047702341295,7.10268970794364,6.10175205142068,6.97032870679846,6.73008230860002,6.18909737999509,5.88597662336186,5.89765433101754,6.12637237076136,5.46563665298252,6.35608750095011,6.15355558990033,6.11047315920694,6.31907749242451
"SIX2",2.55759019939958,2.50663982135242,2.86170863455534,1.54940007160656,2.54184346133467,2.45177540534221,3.32852859012086,1.90713598906224,1.70516462128252,1.62000016396883,2.58672297545621,1.26806604852327,2.94094084956081,3.27185516932056,1.4761186178968,2.93419320070348,2.27655895539538,2.46142659473871,2.89840153054287,2.27288145348309,1.9385236610243,1.86309999795252,1.71629950947741,2.4231031782728,1.09981618856094,1.04539659546132,0.930125863548035,2.16887518408765,1.53046022337767,2.37529927376028,1.50877711954746,1.87530672232214,3.05707525833896,0.897852602783789,3.0940267051744,2.64803158862191,1.60693605693472,2.38397048015782,2.30146776101553,1.43711213522972,1.33628345935213,1.83441519733864,2.97308220061085,1.22497757406675,1.70213487927276,1.72274629722381,3.32044265165971,3.14106777742919,2.28951877452275,2.56983000713914,0.53164569068031,1.75667152587957,2.22573007314828,2.51035678760615,2.43792327477842,1.63762171333865,1.87557974888326,1.47591410696146,2.62480258904608,2.44715379207628,2.25088756554585
"SNAPC4",1.04766635643674,0.783085716523642,0.466403939220601,1.08085257405488,0.624571453011886,0.865043836964945,0.215501679458698,0.82164066293771,0.576794617854487,0.0894506791800983,1.62497093741008,0.949603338243509,0.487550199134236,0.569285065016163,1.03278298046836,0.306543632075635,0.421105022624654,0.630406241367486,0.293996105592042,2.18337546050061,0.720963424862278,0.770685445017887,0.460332989447033,0.292284294677078,2.0145701406958,1.41506334451963,0.667696246914586,0.0674319839616763,1.08804202958447,1.5058865857104,1.53234313246024,0.580941142057462,0.00627530114715324,1.26312534781958,0.95270735123043,1.78696449160963,1.54442349152478,0.0830949707061836,0.331962359076351,1.13152697431016,1.23257554616107,0.232180025478623,0.879406789676199,1.44094343554906,-0.0309946690788298,0.781157018960036,0.369551203813006,0.258749456597623,0.875154479610084,0.986466639504368,1.77256449470762,0.877566438544251,0.562121183028362,1.34284847815039,0.90725188440571,0.772569084144092,0.207309518650068,0.656559129638475,0.80588395288039,0.842246405070495,1.11202455597856
"SOX11",3.46709992372769,3.56392844105925,3.56443674475215,1.45644126918866,3.31515468396678,3.34124716208399,3.90105000918914,2.89874223720841,2.54195141305664,2.34657227403235,2.44879948347949,1.87206800802724,3.72790922201721,3.1988024514706,2.95017653151922,3.86853300507021,3.14579853031449,2.35512600802643,3.26211591768079,2.9831427555985,3.23850764058517,2.76897627177467,3.17397145418496,2.50099260122799,1.35777452340086,2.54662167107638,2.09043798433178,2.44959138596872,2.16947316910539,2.30076047674576,2.40149098377905,2.68843105521277,3.66907310241315,0.797203731722736,3.21764517965823,3.25349943009939,2.53326290103036,2.96019308829011,3.28801989473375,2.21456529862013,2.47763090870474,3.10394412163765,3.17969392141408,1.96461913438369,3.05530627433088,2.34199495220376,4.04364247754191,3.59711005573638,2.99891017900937,2.92975514406816,1.41931355902432,2.86593995817689,2.65245522142154,2.46936043857982,3.29541361623625,1.83475478580814,2.84746349116372,1.99447830830675,3.4505512658724,3.28072378668006,3.29403213535416
"TCF4",6.05538296926841,5.58262627977592,6.18690086435916,4.48607504583826,5.66316925785177,5.61592574695566,6.74029188910471,5.60405533076966,5.01209846454048,5.30238312746292,5.70677623879243,5.10659404539566,5.81867574412431,5.22184653124379,4.62664774946005,5.84513464370353,5.7798556834873,5.44787136009802,6.4746671088516,4.70724746319704,5.31873690956959,4.79731625775215,5.70985451799818,5.25059132890743,4.30777659415664,4.54329347164069,4.63478710760566,5.10342593710838,5.40565701597462,4.73577573367938,5.25058513107669,5.15047025612545,6.35752303267624,4.14181482426658,5.4321312331117,6.30975378383028,5.08269233080656,5.74543894000704,6.30630092690086,4.76406086055965,3.58507606091924,5.8329373298072,5.52902623245981,4.48028070673844,5.80567677777551,4.98491113253658,6.17258323433991,5.96221242919553,5.79541141603402,5.07422581870232,4.14459360847204,5.01558851244508,5.23156477803739,5.1156524638672,6.19974721806922,4.94174861490918,5.93735367688851,5.18422717720151,4.94594154101022,6.0070842175738,5.15980693636042
"TERF1",13.1244878235314,12.8103809410677,13.4551064756776,11.0868420393242,12.8950780703817,12.8088337507746,13.8486937616225,13.3782287310239,11.6318885107983,12.7627695466437,12.6435836642539,11.3883403992375,13.3286294824999,12.8106437959061,11.2239214949591,12.3003029593154,13.9404292910001,12.7509315864711,13.6741868274137,11.9799064868587,11.9816324575942,11.6610746702702,12.6821066202603,13.8453883768312,9.64136819013476,9.23257804555841,11.4416516980089,12.2628229099335,12.9777671749452,11.7258296385897,11.0205405992509,12.3194483123375,13.522186801835,9.41556664164637,13.0000036128929,11.7825984318426,11.4972317881164,13.5256700264508,12.9644285779372,11.5707219782099,10.6735904977759,12.2609347660528,13.2176676799069,10.8857741067254,12.412853653122,13.9752460496326,14.2559858851728,14.4026100900608,9.8369252693678,13.4007476987738,10.1119368794924,11.9564565676759,12.5590994913382,13.247948940076,12.7310426824553,12.631942868383,11.5998289895119,11.7478279241384,12.136810300739,12.2395718746135,12.4348121986546
"ZNF584",-0.997763878258977,-1.3036304255515,-1.18840282702908,-1.8138566934795,-1.12772504326732,-1.30305642594327,-0.416826179520387,-1.46232173614668,-1.36138602776785,-1.38747949422458,-1.04852938249263,-1.38751191090263,-1.22288680235893,-1.3764351464742,-1.53640062997392,-1.30449891663948,-0.827526419469671,-1.3019422937223,-0.794768997790937,-1.58630374384818,-1.45043763271804,-1.47219963101143,-1.18290196489219,-1.10641493756854,-1.65666773917107,-2.44257430227296,-1.19651035946867,-1.95698406300219,-1.09382636312239,-1.77170221427079,-2.50895124378965,-1.22521655455201,-0.845110178355473,-1.89984416113845,-0.868258009093632,-1.43266668519553,-1.2034466388213,-0.926059571198828,-0.74069133920815,-1.43148687480563,-2.10781599424971,-1.1886791637278,-1.11435286464551,-1.99795306211254,-1.44413448095783,-0.865127467560802,-0.218114543655297,-0.137494412796949,-1.62198952015954,-1.28996066633225,-2.24832121521577,-1.57518748602837,-1.31428300189974,-0.46184687635741,-1.26854805649812,-1.0948102935604,-1.25635783217882,-1.32920859357791,-1.62403220384724,-1.12433054266194,-1.20798642598875
"ZNF644",3.34757979689137,2.79564613924687,3.07833696430458,2.63847568933618,2.62253875653137,2.47563263221527,3.14503103606308,2.12375868756244,2.09362237094406,2.52070119352424,2.40881335901151,2.5598067301849,2.71903985794324,2.71062602125817,2.82002507984584,2.65249268386499,2.55037026617959,2.19843250136689,2.5753186707938,2.41753492522178,3.03567124056105,2.32144716613335,2.36957726843937,2.70381986473836,1.30517509894304,1.79399229374543,1.65077618944767,2.09120591027997,2.45839857639344,2.18969822223315,1.29244352519741,3.06101844127163,2.62976626501131,1.91002678172226,3.15512283929536,2.03539058481846,2.23344319273246,2.74783234146526,2.28393860624371,2.35508859995887,1.79998368993546,2.51661875156457,2.73322111521626,2.04720593763412,2.11282569615772,3.00422659942478,3.9634281635969,3.92508781555363,1.74526666628756,2.60196395910827,1.79977293350271,2.99125180773286,2.33182298069969,3.18908483004361,3.00537710447854,2.36145800890526,2.11193475127873,2.10423730617884,2.29548234074149,2.40234050633624,2.82918581622646
"ZNF766",-0.0349292464834677,-0.349066980197808,-0.156148942567852,-0.624996165023619,-0.127135446928251,-0.125422478297639,-0.826366637697545,-0.16582896249727,-0.79158225072239,-0.712574599765989,-1.12751954835023,-0.486821796425264,-0.362188147602686,-0.481024977599943,0.343764558977784,-0.35916829339664,-0.971085772103324,-0.571309799116634,-0.854693075098755,-0.609048161255222,0.0290733642514551,-0.301500110660818,-0.672468272170033,-0.574558749301821,-0.241536107303191,-0.649160899433575,-0.810635074871445,-0.542559323380008,-0.464836068667248,-0.559330659393322,-0.0460430589879917,-0.191717876525779,-0.378160375217368,-0.653182792078501,-0.351107764772399,-0.904392927054989,-0.445255080596545,-0.0782052285867343,-0.112636221918214,-1.00959693692491,-0.424359105629105,0.190073208560484,-0.675174126615051,-0.700928166774338,-0.265606601190547,-0.318910485441946,-0.221709498231018,-0.119487688484762,-0.1050985496678,-0.344257252257039,-0.984979441981692,-0.504265226179082,-0.682297215050473,-0.161833719913153,-0.215436183014324,-0.381443510086389,-0.857246970138901,-0.664537846766323,-0.401076066571673,-0.267380274777328,-0.198182905303065
