"","Pt66_Pre_AD667850.6","Pt94_Pre_AD732850.6","Pt84_Pre_AD486532.5","Pt62_Pre_AD608303.5","Pt72_Pre_AD793922.5","Pt3_Pre_E9024733.3","Pt5_Pre_E9021022.6","Pt9_Pre_E9021024.6","Pt18_Pre_E9024732.6","Pt24_Pre_AD436687.5","Pt27_Pre_AD453873.5","Pt29_Pre_AD497504.5","Pt30_Pre_AD497503.5","Pt31_Pre_AD453872.5","Pt8_Pre_AD153354.6","Pt11_Pre_AD153352.6","Pt28_Pre_AD297619.6","Pt44_Pre_AD467790.6","Patient100","Patient102","Patient105","Patient106","Patient107","Patient108","Patient10","Patient112","Patient116","Patient117","Patient11","Patient121","Patient125","Patient126","Patient127","Patient130","Patient131","Patient132","Patient133","Patient134","Patient135","Patient137","Patient13","Patient140","Patient141","Patient142","Patient143","Patient144","Patient145","Patient146","Patient147","Patient148","Patient149","Patient14","Patient150","Patient154","Patient155","Patient156","Patient158","Patient159","Patient15","Patient162","Patient163","Patient165","Patient166","Patient167","Patient168","Patient169","Patient170","Patient172","Patient173","Patient179","Patient17","Patient181","Patient183","Patient184","Patient185","Patient187","Patient188","Patient18","Patient1","Patient20","Patient21","Patient22","Patient23","Patient24","Patient25","Patient27","Patient30","Patient31","Patient32","Patient33","Patient34","Patient35","Patient36","Patient37","Patient38","Patient40","Patient42","Patient44","Patient45","Patient47","Patient48","Patient4","Patient51","Patient58","Patient61","Patient62","Patient63","Patient67","Patient6","Patient72","Patient73","Patient75","Patient77","Patient78","Patient79","Patient7","Patient82","Patient83","Patient86","Patient87","Patient8","Patient94","Patient96","Patient98","Patient99","Patient9","Patient56","Patient191","Patient189","Patient200","Patient201","Patient203","Patient193","Patient195","Patient196","Patient197","Patient204","Patient205","Patient206"
"Cluster 1",0.0963032507290832,0.0850250595698083,0.252818691213081,0.0615014033508701,0.0154444637098685,0.132791669670945,0.14885434575218,0.116697487069449,0.219949756939828,0.0619574770716156,0.0844691982702242,0.118003054798691,0.125846295688359,0.207083577606822,0.0520043778686796,0.0642681131294811,0.141096245222196,0.0668508119521053,0.0705603549964051,0.189571795239798,0.0690001425627815,0.0645125734479481,0.0458755160245497,0.0448731440011972,0.197773720292006,0.0623634901521214,0.125882469954661,0.0579296277694516,0.185502821804531,0.0792128326819316,0.146262403453043,0.0661690186962136,0.0558795002055644,0.0347641034825329,0.0933711761365282,0.153895771219333,0.130712786087173,0.139778249168508,0.103491746153946,0.123366761107406,0.0440631438914285,0.194663823038971,0.0878896137041322,0.0437770835533365,0.100337565222361,0.143168002059755,0.0665444850171084,0.07495528083546,0.0847674928897924,0.0964417178961686,0.131965769882742,0.0511686927487377,0.114853371259605,0.0612561525766942,0.0385814064259909,0.0294204464333106,0.0817807823207142,0.158484863657019,0.129083337277574,0.0714224538633952,0.280866046342343,0.0414886347515825,0.151132652747133,0.0389517958281073,0.213161501513048,0.102527742569141,0.203805652900488,0.06293041208589,0.0409263744637436,0.315137848809051,0.0819065875585356,0.108920296531605,0.183195992198064,0.0335147488711356,0.0256033781007452,0.133621486766097,0.0689954465657049,0.125475819955262,0.200559731375595,0.0268151915081393,0.0486405508718912,0.136386518727349,0.176807162975472,0.0689380722923227,0.144052928251367,0.205873119398711,0.0591422019013998,0.0786912162578118,0.220167337286198,0.101699851047682,0.225883346400689,0.156626157575901,0.154111492214698,0.185266396852298,0.0394778505510922,0.0573544979459907,0.211646641223092,0.171143919890594,0.103281103833153,0.124100955604444,0.16146186569045,0.300842109725971,0.0809800283461563,0.0897031705739104,0.0469918734353718,0.0431430236791497,0.0489529522181949,0.162629239650241,0.095854991685302,0.249988521289686,0.139306202332143,0.10881401763212,0.0806074788708848,0.0404514066511582,0.0650029134377646,0.167087705441677,0.0875488768078322,0.292850798980264,0.178955646674704,0.26794469973615,0.191535664993982,0.0336887244745372,0.153169633339657,0.153970936455124,0.0645654825823273,0.272265548518713,0.0971498826248927,0.123310265533387,0.0518667570629699,0.0320088941674819,0.0352827896146983,0.0407514728831278,0.0341690612602973,0.268209822435129,0.20164711951141,0.085818038759816,0.0688695834484934,0.0449801418237801,0.0410772919414063
"Cluster 10",0.0953338049648176,0.0756865183299898,0.0902025078984631,0.0871701593828497,0.0848958615703403,0.0645116081901383,0.0436272932005452,0.0517705844842114,0.0483607395903666,0.0546269904331571,0.0527563325050759,0.0416749895939161,0.109193982687473,0.0524266709809591,0.0453146188305264,0.0252057590924525,0.0634346913570617,0.0528859943164267,0.103087464558714,0.182175169134738,0.255418039709154,0.212970002749825,0.226489129970072,0.25462077398263,0.218402078738639,0.198182361787942,0.216067155830409,0.124040303390023,0.214342019427567,0.186822191484655,0.125499658882753,0.151246939357208,0.207023700689809,0.155248414442195,0.192565693650056,0.181376890111991,0.18174145522051,0.188410247581286,0.217374614840613,0.129719671560754,0.234720981291244,0.212594999032721,0.228565248713205,0.166672013893971,0.129497868824054,0.206521502040333,0.176398691477403,0.204631494370376,0.236346124829336,0.214091906689612,0.156548485172346,0.193982825611646,0.221552471415257,0.213516113068212,0.209156728182369,0.204715806844633,0.198453804490599,0.228873961112632,0.235976008311509,0.209857981531597,0.23714752615941,0.206455291451042,0.226908421512308,0.204949310959628,0.202710282614981,0.202911281545146,0.204660071624842,0.190395245938326,0.210175035660921,0.242268877822001,0.148105926508689,0.186668584209152,0.233292132260999,0.148438661403739,0.212926182429749,0.191084309044318,0.243470887285578,0.182570822288365,0.253532939815005,0.153800964505022,0.205524940441013,0.225241790113153,0.229284969609759,0.190909508139552,0.198569820194985,0.235378160008183,0.217929600150954,0.220523177821901,0.240621869085655,0.170100274084498,0.171988652934391,0.215932776111448,0.234550405859061,0.207379069447386,0.242513409508794,0.245797935097609,0.232213300385267,0.187728142534713,0.156610740168922,0.247844336728614,0.236872196684941,0.220094959578403,0.118776464565891,0.243174683421317,0.116167635867583,0.11154461643023,0.25108362285954,0.266743826248196,0.233432868238044,0.223429812691446,0.218297814239067,0.149134435639806,0.167142488556819,0.151720236244895,0.153771767818556,0.226305259125409,0.229670104295493,0.244014590260483,0.177835433457452,0.229774505528,0.228933181680905,0.226733479117605,0.217646853697322,0.149310885796727,0.140457245800869,0.230755231721296,0.160712764129364,0.164859646946059,0.199127121755405,0.186205894361641,0.201235547910477,0.197985140878458,0.209211751250447,0.194992252537585,0.21145494449363,0.224428459885832,0.216666340912323,0.156491018474287,0.179080789139624
"Cluster 11",0.0300574146155227,0.115091463684791,0.0861673187146422,0.0638810738392898,0.0647000753178277,0.0464692710887564,0.0747156550666256,0.0659875300107748,0.153262318129895,0.224261421908452,0.0810536020476242,0.127313803142329,0.0505982110454438,0.0695539569365349,0.0994842589559846,0.0302681741305303,0.0762458514193633,0.0762936416249823,0.0354294447180574,0.14194512872374,0.0665552249036772,0.048494629993829,0.0401319642581641,0.0502708964573276,0.0418382182556269,0.0130718949877904,0.0257143770544182,0.111957721898507,0.053363474187991,0.0278470767907579,0.0713559585914249,0.040183579366452,0.0414958659730017,0.00354250614079923,0.133032507604618,0.0762651491405565,0.0296178190428358,0.0434416360697096,0.0620623372900014,0.0852661744647502,0.0370813140286952,0.0441890757730927,0.0604061372278229,0.0482957335465994,0.0547710083621579,0.0748264388844101,0.100252033320132,0.0686508085668649,0.0220347748326874,0.106647096424904,0.116287078392185,0.0467450406655198,0.0593010003938759,0.0519329226501998,0.0264718626580274,0.0488131817545499,0.0225111666538942,0.0442421453706111,0.0876581722258794,0.0419628462842271,0.0250561016593333,0.0611603488701543,0.0428511303675238,0.0540669075003546,0.0540313606787952,0.0860016199655795,0.0343455685111492,0.120358051992935,0.0879957353364151,0.0223354410564918,0.055221060588212,0.0274403494095548,0.0618982800910796,0.0239865576485726,0.0293225594271345,0.0799871339748667,0.0303192791733092,0.020860951208179,0.0371041558842498,0.0516233480831357,0.0421886689826902,0.0600055183498747,0.00827572637785217,0.0158336011563837,0.0859945415155595,0.0621448013338689,0.0178544954250385,0.0604598686410369,0.0337908668459585,0.100977534211162,0.0543731428397897,0.0586169618352058,0.0847136677212398,0.0749191416194236,0.0666932122618024,0.0533542833119131,0.0189564025198061,0.0795878867724873,0.0495066178679976,0.0173204098872779,0.0625119480188758,0.0469974818754776,0.0462217880265353,0.0293068535644542,0.0501687703095206,0.0500845190076337,0.0634919521579108,0.0323093356385515,0.0625012285875978,0.0396363673683697,0.0408082573292109,0.0123442697579307,0.0256187069964673,0.0222295203353313,0.0507077748395139,0.032271674335329,0.0427821264778771,0.0328211320153101,0.058855443440052,0.121624092188182,0.0684082045317601,0.0234990234462638,0.0628760804296631,0.0453461903923966,0.0847332455142514,0.0188583950901762,0.0597257927805631,0.0477795584829509,0.026529633553756,0.0416297575590651,0.0320391554103651,0.0269028848353531,0.0349823025282078,0.0478701031490623,0.0424947487170162,0.0419011529581491,0.0328042480281619,0.0811429215805006,0.0614055271059284
"Cluster 12",0.0882611268641408,0.0968946587412668,0.102673792720418,0.103748890753911,0.0616831996140203,0.113722012218512,0.0994502340918313,0.104856335793408,0.103427560922858,0.0239966377205878,0.0696464932700571,0.0845063753298915,0.117903868666605,0.0571208109091142,0.0481038958739071,0.0446895973033002,0.13970431143,0.0606554224818231,0.0159165540063362,0.0422836817333967,0.148628453419339,0.0374766218819625,0.110190896556008,0.0905070365166382,0.0813591763050167,0.068216393121584,0.0614148867157726,0.0224074837546792,0.0627070386512787,0.037833802748813,0.0324321132507702,0.039115629805653,0.103356362304131,0.0464256844044957,0.0382027597042233,0.0260571362433499,0.0770245583184166,0.020264384146762,0.044105535871161,0.0203109013372544,0.033730818732366,0.0642797764023102,0.0940061626102112,0.0225022456024318,0.0666280529000766,0.0411128482366898,0.00394866106488722,0.0348140594648962,0.0669828613064623,0.054817774677874,0.0203721737684548,0.0299496378830441,0.0719164089362332,0.0301911799399752,0.0380865586767599,0.0404951472573857,0.0547944981364037,0.0619638261089797,0.0641300127156454,0.0383258910611926,0.0497511953448529,0.0470524108022787,0.0681949483900191,0.0336075507564787,0.0384590040645959,0.0281745732958722,0.0138967851676592,0.0195966566692558,0.0358483856384369,0.261202263402719,0.0356966806572456,0.0525803203205016,0.0467184210261943,0.0673489692205826,0.0219239918736259,0.0412550103807561,0.0326374742996061,0.073775584630826,0.0938391554273327,0.018831608594122,0.106600247643059,0.0961915798424299,0.0749323471670698,0.0210032619662325,0.0327034403099637,0.0366263459054381,0.0144978303684661,0.085150138171321,0.0640816356554601,0.011783107940169,0.0371775646851124,0.0693906918985736,0.0573934474926144,0.0211376844227939,0.0687712506834575,0.0602369213022666,0.0513819951809221,0.0279785980726935,0.0251680440195906,0.0827153711851583,0.103260501729956,0.0196875971882339,0.0170859168747457,0.0189939143760054,0.0546477234865859,0.0428349449284534,0.125629582486252,0.0555594449872825,0.0277102780302406,0.0328722395650579,0.037027105819508,0.0270413434470905,0.0394515531828184,0.0358540012175704,0.0228027283415549,0.0399276892473737,0.0771401950922225,0.0618110654175345,0.0298024210368012,0.0580396979094302,0.0400135137953263,0.038012426502282,0.0675370995383921,0.0335358379868725,0.0435178541690132,0.0407765631251297,0.0286825227123866,0.0661317818670797,0.0315452517601332,0.0210272239777356,0.0548345067377829,0.0314118065218863,0.0426083322570554,0.058943060739302,0.136918825266764,0.140206187037158,0.0834499812634246,0.0402385443298886,0.0415004077335708
"Cluster 13",0.0275739585331572,0.0801299553016714,0.0630501332160808,0.188586333314914,0.0712940468471087,0.0699913948958035,0.0542431308257961,0.022967085431934,0.0223170134018526,0.0129894964652,0.113469705747866,0.03871051984905,0.0612006299768549,0.0575662243683815,0.0528344520103251,0.0550552954582925,0.0376825563826645,0.0285783356351506,0.0418438928745062,0.0184459599811514,0.0678367006605819,0.0869106818669113,0.0150475544236461,0.112753069780449,0.0340149203415798,0.0301669143582967,0.0424768706385775,0.0596376963120679,0.0339428825264351,0.0330358763400379,0.0229695935735934,0.0699151260805235,0.0330006149263496,0.0666256942959498,0.0961081347184984,0.035563787852646,0.0359476932968052,0.0294141801020203,0.0714231663101225,0.00758128821373562,0.0195488950997372,0.0905170315047255,0.0255614444640888,0.0823648567840677,0.029524885481189,0.106068679048665,0.109161222769289,0.0509193870627104,0.0628749577584301,0.0580769430002221,0.0690090649423086,0.0348351850989002,0.0417267725242904,0.0399678205571573,0.0320110727404028,0.0519783137631436,0.00598855771264914,0.0500411546193871,0.0755508947733833,0.022906480207435,0.0139764992408841,0.0368482555379331,0.0631776637708757,0.048875257424661,0.0850716664835099,0.0636286314425097,0.0569588215276811,0.0580157016340505,0.0449788981551331,0.0615164103902288,0.0372485782176,0.0239696721336822,0.0765729662755655,0.0375809718996961,0.0444384668333392,0.0739047504411175,0.0190543678519764,0.0967815992487606,0.0535576774828033,0.0624630586324133,0.0582288762749304,0.0746342411482582,0.0116279922201652,0.0310224669043566,0.0506460724961775,0.0515597958026463,0.0543499567369741,0.0770352187698371,0.0822042810505163,0.0387330528568162,0.0514577345947473,0.0340492703546402,0.121877402489774,0.0464368641051584,0.0840413892229175,0.0589126382051824,0.0207613504663903,0.0596734458251916,0.048632030811711,0.028771795495444,0.0477331725874849,0.0522756835514869,0.0366524177491677,0.0530134836444493,0.0531821205181972,0.058443952773687,0.0258251319990374,0.0296688685130492,0.0416162890349338,0.0557464655446742,0.0353227664895663,0.0555345037201753,0.0536950327506748,0.0263423089396984,0.0588662318498824,0.0622681416769625,0.0285547483264174,0.0884571811473371,0.0217854608910344,0.0514728264717524,0.155569515750797,0.0415466044456768,0.0570404045611359,0.0749063865920677,0.0729011946977342,0.0409725476707157,0.0790538996629811,0.0590183073374651,0.039102236484422,0.10414489334857,0.119291127953562,0.0556757735615666,0.0425928678791704,0.0455423506707302,0.0614914044112542,0.0927660232579882,0.0393024912620883,0.0260648326157597,0.0303175058624431
"Cluster 14",0.127461449955912,0.0409391488266208,0.0734634646447535,0.0835179543244532,0.114736525001979,0.0962848766640203,0.0496301791757392,0.207460647310746,0.0525078463178227,0.146123981285395,0.0345813903893614,0.0610972736268452,0.0878393347911213,0.0542940552906008,0.0776867557859077,0.14003684836707,0.0636080235740799,0.103715237619747,0.0408633229760484,0.060511111086254,0.0663256127040379,0.132197210838397,0.058788805966477,0.066465767579135,0.0477857270088669,0.042512347327348,0.0836352314922641,0.0321294670842012,0.0797245856966223,0.0515220925478857,0.0258425057014787,0.0396247606187602,0.0665256733121774,0.0413487705744432,0.0555673353291792,0.0347422030040538,0.0424418343005812,0.0321714735815579,0.0387353178295943,0.0631358277956867,0.0877077828521941,0.08222309326471,0.163261886714204,0.047240478218086,0.0664778241841531,0.0660351335900421,0.0466226158870311,0.153021852215003,0.0952581348573539,0.0819379082357063,0.021422043098714,0.0684858114294431,0.0433522985291002,0.0462650532062889,0.135875572158686,0.154871055470464,0.116858734882937,0.0675827767609256,0.0478901601375532,0.0527249253981461,0.0543236873162862,0.151369806883914,0.110146999203775,0.0735771814312433,0.170940015826816,0.0454899494027544,0.0885656769141295,0.0475327221819779,0.0776353040913968,0.056176049059135,0.0648447325809191,0.0658872793998919,0.0223490142816887,0.204417104713637,0.0859994322436633,0.0444773686000973,0.0588241509494312,0.0734147727892111,0.0313108890864803,0.0406023470732735,0.0956515380281385,0.0712750006450348,0.162706689478241,0.135613058432422,0.0571010177761701,0.0281315096928532,0.0367856224310822,0.0478255918247265,0.0891722943886984,0.051308435033305,0.0588512473521869,0.0862464315674314,0.0630506574971629,0.0412645379956043,0.0746327293632798,0.0547264794329259,0.0979115310137423,0.0535710952389333,0.0594749278448409,0.0589918519998591,0.0381421515710382,0.0868564070667712,0.0604261828400742,0.0793305714303623,0.0646265436851516,0.0791910992237629,0.0791302699443019,0.0537593718953059,0.0903344853010585,0.0815757396738661,0.0584404732642728,0.0350052849277111,0.0393984185805296,0.0969966703810411,0.0669811677295804,0.0394077126503038,0.0872078415552267,0.079565766418061,0.0369663784316087,0.0326642148468932,0.0703460298394046,0.100528431438922,0.0866140074143107,0.0433765491670536,0.0977006237861877,0.0396714297948751,0.0544462173894048,0.0546776427275474,0.0485039013119442,0.0608326173922091,0.121945551556745,0.0403055986865654,0.0750656299292387,0.0397241328312314,0.106599785961151,0.1453453659384,0.0804560258420322,0.0439578791094241,0.0413792950029852
"Cluster 15",1.07996109428553,1.82753516183126,0.677672446860516,1.64028704403703,0.950839974699413,1.29146068731226,3.37954325001304,3.51360282570096,3.67780587383797,8.96095053292232,3.61953079598328,2.83180584549692,1.0504081136818,2.06258314512739,2.65284193610727,3.73187324133641,1.54493300210907,4.08255589595973,4.02897302908474,1.23979878925291,0.170539074424241,0.972310870847648,0.110665903489355,0.289651686149867,0.696980347084782,0.66785956239169,0.695999327705186,3.88368886886958,0.677468006246645,1.25972946733783,2.12867110440593,1.61381594999799,0.546002160155229,1.27134196089722,2.60155807531073,1.42606434322994,1.18931788818878,1.08297177281451,1.22504624073795,3.24672386458952,0.487810104034032,0.513133223961328,0.21694676778465,1.84338393527641,0.435327489708193,1.10849351085496,2.38883346478021,0.715852583212622,0.279771193978198,1.64088753208577,3.5874675246145,1.82801083794283,0.830681065185883,0.788527699052947,0.832764475955221,1.1915498524642,0.652416675755654,0.781194067795634,1.02734948113334,0.619216206761821,0.690037426381509,0.963878852455912,0.342698554132242,1.70010244235701,0.601145553532649,0.836316252828746,0.566265584521093,1.47627787030266,1.26135397726444,0.136153413320292,2.80221895274134,1.62145784824127,0.918054586692276,1.33792993770663,1.44182056930855,0.82873258589775,0.323954880088509,0.356246900642944,0.247537168185441,1.77426135895238,0.502481236858938,0.439881816955687,0.645111443142915,0.527553810730124,1.53640098303107,0.606210499960571,1.52411116255725,0.682140519093598,0.608822650736712,3.26816909036981,0.940972219564479,0.576424600314637,0.356956274282937,1.91234474847673,0.746591370919977,0.313381240175164,0.46349520356532,1.30982182294858,1.76369313635209,0.242591741583931,0.257873220239583,0.702879942295882,0.860861599529926,0.386862622870704,2.58417203835607,2.57571715643245,0.451277652153037,0.25573949861554,0.539920920821993,0.712176137721707,0.627936391995904,1.25313256887932,1.50674987820843,2.33506824279105,2.76525080431911,0.740445188886155,0.323798996076287,0.251991249125968,1.79734242890809,0.995020578365874,0.599163475918992,0.886400399863194,0.370415691494101,1.42048648237726,3.56443171253983,0.475493245129922,1.53853677709183,1.98399557733397,1.16649626554681,1.72254696848003,0.401452546083709,1.11199067067589,0.9158268302242,0.670057110195208,0.863815296634718,0.320272536870368,0.711837189249448,1.54808960214235,1.83260636816718
"Cluster 16",0.177025184450937,0.0158985758756792,0.0767455828568522,0.0822033985588743,0.0395100048852731,0.0694497255577276,0.0292330545419215,0.0141973307421241,0.0401990093770458,0.0079424957118211,0.067394244400625,0.0296361954394314,0.149855599952542,0.0560436707166565,0.0586906168140333,0.145620784452273,0.0716867323952668,0.0825005908472023,0.135430125077705,0.00055156293817736,0.0124812814746679,0.0249007627049678,0.0486841180307883,0.0082946092966988,0.0742656793254105,0.0534427237099201,0.0250115938046615,0.00927866151220865,0.026884553669927,0.0561370789148136,0.0758341870023768,0.0596616763857793,0.0565849127538745,0.0211888747962986,0,0.0286495486720946,0.0221049687395571,0.0270523749313701,0.0173146736301794,0.121832522289272,0.0483757901746132,0.000331323051685575,0.000189296456066856,0,0.226304475399974,0,0.0032135038762423,0.0658901303696925,0.0195469339180706,0.000711662080320988,0.0329323994396111,0.0216549423496685,0.005503289372263,0.0483906685856127,0.0273136931356191,0.000210499573482726,0.0422433811884157,0.0232523083514328,0.0166719638649695,0.0233848751478757,0.0660914452638951,0.0126215064644337,0.000679405531405465,0.0108816344118256,0,0.0299898013489491,0.070609698372009,0.0396304346577422,0.000118664385343913,0.396970941446861,0.0403530654191714,0.0462966437484445,0.0132188972703643,0.0406384251939242,0.0209371208521488,0.03852511121,0.0220938469460105,0.057793655865746,0.00781858426803425,0.035897290581474,0.007049982138828,0.00058563353418982,0,0.0909602983795677,0.0273745401702279,0.0365820719623269,0.0335850405589549,0.0343750042950167,0.000395957405579651,0.0123748615027756,0.00379147105787799,0.0611652306645497,0.0229452411206453,0.0540789224064178,0.016892214276313,0.0168982324674475,0.0320974947218319,0.0794687662392104,0.0403468634235676,0.00556426591445675,0.0185496704062393,0.0244622065559038,0.050482650224337,0.0147755855120031,0.0105317338152948,0.0328981088719398,0.0425663098850636,6.26912841212285e-05,0.0455757524716588,0.0451009279213385,0.0221811031987613,0.0670763179434198,0.0228093513304322,0.0333302584704216,0.036406930767447,0.0144480902292505,0,0.00146705501873943,0.106596732882928,0.0415358900239443,0.0124314549199867,0.0910971124928554,0.00360591124826764,0.0697252365839552,0.0022277850180476,0.0123326459090555,0.03811899026092,0.0287093567750172,0.0426701120148778,0.00839301956724781,0.0010914249074147,0.0303621079019014,0.0794000428730228,0.00137721755879331,0.000254057321828409,0.000390299384397327,0.0808556031494747,0.006531509629977,0.0442264632117434
"Cluster 17",0.173852959638552,0.0801743455473127,0.0999171651195171,0.13782683537385,0.134129014390013,0.122098101435362,0.0943376228579273,0.0841415045902653,0.0462061356449108,0.059910432039343,0.205510509216125,0.0757639162304617,0.0925481886134731,0.087590410107617,0.0781371275603638,0.146459143274906,0.0838826548871559,0.0545204372805217,0.0373280944173437,0.0589770876918882,0.061333137264388,0.0398826924937455,0.0484343216312641,0.0428351595685993,0.0666665062344221,0.0609023001447785,0.0890061943043723,0.0463498194180002,0.0818982857318752,0.0533992783249393,0.0194359015412837,0.0437892655455305,0.0884779420118659,0.0410196802299061,0.0987132925009803,0.0469609460200253,0.0498204380805674,0.0738329427467931,0.05007961585711,0.0272295010814614,0.0850814658499098,0.076639564614165,0.0589883543658632,0.0705188206573576,0.07303239612298,0.0846400430789201,0.0723806187717139,0.0526114055954183,0.0949696343289514,0.0594436918375484,0.0767141520853793,0.0904430478195068,0.0483786899432468,0.0600987464431379,0.101862421407915,0.07979615210428,0.0513602104871294,0.0817716398228741,0.0447625434777795,0.0446615860259269,0.0539212601364038,0.0594982142332194,0.10025689717669,0.0449997099214555,0.0901961913822213,0.0649218238855516,0.0641819018212203,0.0437247652945248,0.0697790035512819,0.0437495695719964,0.0369698624633509,0.0581947980899825,0.0319365914049825,0.0420483608909847,0.0520186362566339,0.0573626052066771,0.084965824341554,0.068017108662278,0.0499324555794039,0.0637362357933736,0.0822837492454692,0.0902599473443222,0.0561068720846319,0.0908288803461764,0.0759008926903157,0.0400050130488238,0.0367158217442663,0.0514169474506037,0.0618811318739555,0.0658308670267092,0.0537539587415404,0.0444011907722937,0.0739885221740275,0.0480892657260185,0.0471840591206576,0.0470898153181949,0.0544334230361842,0.0447298438863497,0.0441028756840791,0.0706462378503941,0.059436288377327,0.0554876954893541,0.0494145671171365,0.0460622117925533,0.0791432453042241,0.0436209110337772,0.0583475002457048,0.0443554830800878,0.0719947776023169,0.0678170756402656,0.064141057725037,0.0362876073502019,0.0495937925239412,0.0556199392980289,0.0671958334967153,0.0719381510101679,0.0777288541887417,0.0731524056892332,0.0384344360699206,0.035364629790651,0.0757257608835905,0.0642816787908369,0.102167835059336,0.0482788979149512,0.0551994421836578,0.0631723817175363,0.104544828578499,0.0613784732459447,0.0519306459805999,0.0611209249306175,0.111344587004182,0.0672500252066249,0.0537319615827319,0.0503877136398357,0.0688230763132404,0.114469491328593,0.0984065562764497,0.0687421684028599,0.0833519434459176
"Cluster 18",0.226637990312822,0.0344342322407308,0.104111293030451,0,0.204219860272015,0,0.170652317384015,0.113651204470231,0.0287017632075083,0.126512120645091,0.0506857580039063,0.0250605848696706,0.233771314009726,0.207386231548018,0.0372839643715868,0.514777922606626,0.0998910258856393,0.0560782497859297,0.00916510958951116,0.0569927882899969,0.0602700792385424,0.0491944553841115,0.0080173897216713,0.0171625499391905,0.0657800017998529,0.23066775248798,0.212533951174863,0.0944452669100079,0.0522206117852183,0.12122084762332,0,0.0146858389778852,0.0352387458802841,0,0.106523291065111,0.0169195533023052,0.041558932467864,0.2371900129379,0.0331300056170969,0.0712520564355804,0.10392709430785,0.0159427016594892,0.0204200590568569,0.0791084210398638,0.0176019561166545,0.0158407931604436,0.0547246610630202,0.120696691726464,0.0990087395167201,0.101072199149727,0.00817909757812586,0.153849043598946,0.0202834830858515,0.519112340413603,0.343625220477102,0.102223387075426,0.111556768421663,0.000634963679809378,0.0495697297507101,0.0979176528323779,0.11595786851038,0.0727736388004557,0.0847926514284445,0.0138206728053176,0,0.049294929612305,0.0400282786799782,0.353931184990839,0.143317195433026,0.0114567743671255,0.0312135228578054,0.230491206204698,0.179617912920328,0.00778146645813295,0.316302433910901,0.0511056289451263,0.139115766442186,0.00262745746189807,0.0640700648870543,0,0.0281267422087176,0.0408711103194261,0,0.228415147632034,0.0841277574064859,0.0232537157325598,0.0184376764805683,0,0.0864274061897473,0.294319782846288,0.135351114138822,0.110459797028635,0.0612632545586279,0,0.0401064574235715,0.0621355130959077,0.0620068136010498,0.0206688724572341,0,0.174145864792355,0.0426099334166529,0.0601119271819374,0.160415453340514,0.206703129035264,0.184660485530352,0,0.0953453837652931,0.173499614355286,0.129486711715931,0.00342725590943442,0.0395121263185079,0,0.0133317193245415,0.00995970704402968,0.0240579944681124,0.0767392044880146,0.129117970829503,0.0535817422795418,0.0473436189301395,0.0203828176987795,0.0249861341179433,0.111024863457037,0.0362450359946523,0.0087936962652796,0.0779663850011331,0.0315699448312775,0.263291298410725,0.0113137838893159,0.591238874436746,0,0.0596320724633109,0.240866868352105,0.0465698745065736,0.0141906585924388,0.0179900946495464,0.0280581627515932,0.186310993649045,0.110727582270432,0.127769050319691
"Cluster 2",0.0349665418655147,0.0231820314033301,0.0240506593072624,0.0162065699308561,0.00299756594930382,0.012846002741098,0.0220210929694332,0.015855455861889,0.0921996170755823,0.00631266979725835,0.0174266170986417,0.0478753557138886,0.0564832850329126,0.15535193227539,0.0209259037053521,0.0162668961263674,0.0500088057670664,0.031490062912191,0.0223585261825821,0.0128462459318051,0.0879527698487368,0.0303388134510558,0.0444673962133071,0.0590019834191921,0.0365027973991014,0.063241978830916,0.042212160933907,0.00794812295619555,0.0386266807299833,0.0390261455717524,0.0694254139346921,0.0446297152025417,0.0573373913954369,0.0250202092893608,0.00066516296230164,0.045795819985085,0.0345154482597346,0.0706607190734271,0.0451966842068969,0.0523033678465136,0.0459148512402564,0.0418369017479269,0.0408167543137726,0.00716598457730375,0.0305071703655006,0.0384467023847386,0.0199075893025563,0.0346611781712238,0.0483561657827249,0.03727166082809,0.0221255415394164,0.0257763801965993,0.0531502533313225,0.0320947250164362,0.0560810327237424,0.0331380186629566,0.0427759504732876,0.0331154597532785,0.0602967907236965,0.047932837538023,0.0641796841875188,0.0185131167876987,0.0291688530085829,0.0320083530321514,0.024793658211551,0.0529533004962733,0.0486663032341531,0.0431702268131745,0.0192688454460707,0.0675841782121989,0.0221825275944285,0.0338133644612852,0.0427435118936954,0.0316576208859347,0.028024730911414,0.0345536245999236,0.0590469964850495,0.0204411129102408,0.0616201037974105,0.027552768194614,0.0331148617593464,0.0378031242857896,0.0403092453365761,0.03287530861128,0.0380873974181348,0.059407748717522,0.0469499377589458,0.033430435688023,0.0743593590421226,0.0346446765748943,0.0580650904849781,0.0463785063677908,0.0164631452801864,0.0388280394170716,0.0457612571354497,0.0433628277853862,0.0391868649128557,0.0339256721343104,0.0392836142338591,0.0580559120121855,0.052036714230333,0.0390193503291827,0.00251333203584215,0.0396180723537518,0.0106076698576219,0.0283210752424353,0.0696789646820677,0.0503400619575999,0.0471719924080623,0.0563466196360516,0.0589391302573961,0.0440424397729939,0.0328239529674798,0.0191177969192156,0.0181336494067941,0.0492214790525657,0.0214132094484836,0.0488780556175308,0.0580669290666608,0.0674143010789559,0.0426848287207123,0.0580150127574768,0.0438814253728819,0.0369453746706278,0.0132637137917603,0.0357849395660179,0.0281771761499655,0.0310275295952312,0.0427946707070712,0.0288449448861642,0.0336543218789038,0.0374526762187778,0.123629288161223,0.0358658651400972,0.0306631949818676,0.0514269628801869,0.0542857680760399,0.0332533617792661,0.0338687911318615
"Cluster 3",0.0790473151556332,0.234764689140439,0.125354066951134,0.089934055619239,0.102437727225541,0.143688533835436,0.106702968130852,0.0817477641112465,0.20403550271129,0.0428165393909678,0.0538998398086271,0.0871609213915632,0.0970039858336366,0.171437506653014,0.180577349683601,0.0998553612191155,0.179638939838902,0.154023900693104,0.0553632350310866,0.176806336325099,0.115414676636898,0.0580357145373357,0.0224962740391575,0.150088254191487,0.19071618471358,0.178583898188677,0.0888479375117887,0.0699598270806161,0.0673962552663168,0.167671942325227,0.0364983816465953,0.130149599145671,0.225446212746287,0.138532422641322,0.102835031846764,0.173039243947781,0.0919864343707003,0.202132249752404,0.128106790714816,0.156054611415398,0.111839884017385,0.0717217907722162,0.0743270831136337,0.0468181610276132,0.0825690400720435,0.12399864837206,0.0753191794814395,0.107675085507253,0.142304080311353,0.0781825904848687,0.140124941325521,0.0982444555376035,0.205251132347998,0.0875206182944545,0.0861782781577965,0.0554359226168064,0.113090415292298,0.157414027949705,0.0727417567710873,0.174478613536876,0.207807232047636,0.0606833681645133,0.11541906350941,0.0749556724528083,0.0912802312987435,0.0892749827150018,0.170024215497896,0.207256495693174,0.122151056390675,0.17351456515051,0.142383288825914,0.197299127608095,0.142811764445698,0.0371650115806094,0.0838782799121975,0.181547563371524,0.10174349596606,0.0826875176661181,0.106896310971976,0.0646525359598795,0.0774272267291248,0.0828314467934125,0.0813847950355141,0.0525183504031229,0.130995495821246,0.202005606506335,0.0855529497507934,0.0752675565843886,0.130263038162872,0.155207209068695,0.140944841044401,0.103397706254431,0.219405900552283,0.224472216222133,0.15990313593753,0.105000335384136,0.106607637995126,0.108814680677167,0.0968907106908366,0.0878002571428463,0.0399000971951307,0.119434914488938,0.0803257018659306,0.1081790505165,0.050843454460847,0.117160920344053,0.0534788717037565,0.128169677248962,0.123618093492709,0.255404908871032,0.115368862792242,0.052125504188111,0.113273260076986,0.147457742026403,0.0939775772831962,0.115838741029915,0.152623066047818,0.0588138617319675,0.161087896949272,0.230994095261751,0.188081507711281,0.0493154671337825,0.10059199472264,0.214348826217428,0.0902158581804748,0.137777244938714,0.123174244125434,0.122916591821347,0.216189201009241,0.048217206029027,0.117736531693599,0.196328894788848,0.137915410455388,0.191203575597363,0.051694652906146,0.0897070371793026,0.140824979594482,0.0847797446340307,0.22136654020905
"Cluster 4",0.814018039846434,2.68476415592343,0.0802081860348055,0.322969944176313,0.329095019860829,0.119085208227321,0.927942542148406,0.600465077145192,18.0661015011786,4.87431142268039,5.24942698622013,8.76594420220028,0.465742033945536,24.4613364306901,5.36643704302729,0.473872754085801,12.779019070702,3.42094129971659,26.0821419285632,1.53392070113145,0.438551618974315,5.49386728698137,1.69827754847155,0.193019874007117,2.01044911287044,4.28620412234325,0.414185645588289,6.66211452860909,0.434094454279006,2.86636372633732,109.195435013836,2.64204304400166,0.287133145173367,14.3081153965809,0.390350213649644,19.1843701276877,21.1645598890226,30.1667271848993,2.25160895698975,42.4953342992589,0.342800630424536,0.131559263900822,0.128354759357815,0.750547550245425,0.10569840451916,0.280636830341515,0.377190825621171,0.663690020601395,0.157857831793956,0.854044875519146,6.26078363104109,0.373103978098557,5.3645182777871,7.14367237984105,0.136484136024824,0.127444754746841,1.37135151685871,4.61308275074152,0.884046243068682,12.2511121487942,2.03494589396179,0.740224264222144,0.139154998516301,0.637016129558007,0.332405040586635,0.342392880765819,0.179659827715983,0.455410156626086,0.215760053952279,0.145086295144774,8.6885430280605,0.281683156997157,4.48441688352596,0.249166575007793,0.789043040160038,14.015203370964,0.990289827519679,0.586521229783346,3.69461184342393,0.720833882031848,0.542262876908069,0.117853483559169,1.26419011429883,2.10432708135149,0.21794045386292,15.2687956031781,1.62051316796885,4.99071211984203,0.230863109510466,38.1187763218217,0.412937044248948,0.494410750040327,0.493207618622305,23.1237211885987,0.66676852420181,3.16117615040113,1.43171225294967,6.82559813297999,4.89641847187417,0.14176160599437,0.974301309897074,0.683864559299033,3.12366777683221,0.240729342783854,0.619047342814149,2.55741950659419,0.260652935791286,0.864211927961517,0.210075160761963,0.444011735527774,1.15564309485816,13.3337724591344,1.31493593635021,0.822055869305545,0.702975365531075,1.46967189573125,0.875338249480981,0.196028197297178,69.7070706585552,24.5563783334356,0.654552485565942,1.06042440785377,0.282345353474091,8.30862310550213,5.13913798779289,1.68217964125773,0.479084535593176,0.939150226666306,0.142585665465501,1.1863295472056,0.139282763230723,1.72173234554086,0.541374322584556,6.85783403722191,1.63625740857213,0.121159550534255,0.299368375047867,0.203632764170551,1.62166284990346
"Cluster 5",0.384677051111481,0.475714906250309,0.457062311177272,0.461516065438448,0.491384542398015,0.468324115429184,0.342540989021645,0.493261732607457,0.487501181403604,0.411193497369292,0.24784377598109,0.512037297562108,0.446692803864181,0.500339800152291,0.475576419011959,0.240690697620094,0.470594539363452,0.387003882222167,0.311623390602303,0.362673150374062,0.220956319057487,0.484975903998882,0.23482166541018,0.345855748941762,0.41826828512951,0.41989657835129,0.479674404940386,0.506686821339564,0.4663512181007,0.419636810253862,0.226733540329289,0.503831229196065,0.449999837371459,0.5004185850882,0.419542711915305,0.428639933890632,0.459108342684752,0.340823763029275,0.424604667944734,0.322171672903783,0.433263590527521,0.429993027090029,0.275711828105857,0.413212938375319,0.451082656976176,0.452180626546041,0.427217150157258,0.446395300469514,0.461687418347001,0.477787209298469,0.415581208211611,0.45038546747476,0.475280312888604,0.44656837406777,0.290494408051764,0.463838798065943,0.477531189452992,0.446015292172137,0.401254810610018,0.481616727011473,0.443646156094619,0.414908144345908,0.435575043976923,0.466222420672589,0.333294800193365,0.468566997165859,0.462359970538331,0.353589238384383,0.442080838205471,0.0218924137916638,0.492701510995221,0.440934392004336,0.445074410485407,0.488204109532401,0.465141760017116,0.48518344957282,0.470540767155119,0.464847812226313,0.447451177267655,0.480229076129335,0.421465745268459,0.445468670118728,0.442640894760117,0.403925838530593,0.486799144325346,0.347931821171111,0.431589817231857,0.487909222881227,0.365453728403207,0.449535634687806,0.569870955866569,0.468731623519219,0.463584033591198,0.411881253050194,0.400395581245393,0.444488929576993,0.511629796212996,0.298734689543837,0.480021389970607,0.460761022203147,0.378297232931739,0.454740825621207,0.486768680509952,0.463145173373287,0.456731141004803,0.501655708974094,0.418821701696541,0.231206435290082,0.407368519722936,0.387234231710482,0.457720333981246,0.45751640727362,0.449675870686313,0.500057618723518,0.487174140565293,0.457007213701477,0.427344795413943,0.442670436393449,0.308349673655364,0.280670108683514,0.389301517367754,0.419211510693495,0.459022658579646,0.470889788288543,0.464681593828214,0.487392996222416,0.334289288932694,0.51449975220241,0.459874510963195,0.475337370607668,0.460253740814083,0.45688910072252,0.490409067846299,0.371211035474772,0.423583186433495,0.279823546462851,0.379301055272836,0.488298956935258,0.489421598726356
"Cluster 6",0.0638125167965275,0.0356144880101794,0.0324127755506237,0.037519208381693,0.089169577394441,0.078163843401491,0.0994213729561104,0.234317846565159,0.101355556334964,0.240364671976951,0.110148133800456,0.0960808534553717,0.099176266119426,0.084976064123986,0.128228077227637,0.14678229246106,0.0489890643457586,0.237407960565923,0.210132080591251,0.119102714199388,0.0628808975873316,0.121705045763311,0.0843426013987772,0.058719316820306,0.079068715654624,0.0734388679237486,0.0858251926164763,0.206387101039744,0.104932400880385,0.103840281681412,0.133021505494857,0.160060142409435,0.124322525184629,0.126995965246072,0.186010658763431,0.127702849954746,0.107700051478193,0.11074937611505,0.108326648695113,0.186800227510495,0.187365254261804,0.0969667683104456,0.0790880291209082,0.157957749333693,0.236056810528656,0.0865730600952875,0.140900824109011,0.101306177039965,0.0672156832327529,0.120742408964046,0.247258535586211,0.134361762966225,0.1056444053749,0.13606115239668,0.0887350815572062,0.11242718233595,0.199195909199132,0.106117866477987,0.113333579912489,0.112498433538042,0.176382344510667,0.0911636512353853,0.0519599055259776,0.126111985577351,0.0699129892506172,0.181427498675556,0.0759304153567307,0.151220384340631,0.130986570053316,0.0426095900078538,0.169374043015256,0.162048827287249,0.139201230534983,0.0994782141195707,0.0945477548341038,0.103279808258329,0.170037583833251,0.0485061936737923,0.0843435075322148,0.273372555821337,0.0748544093072078,0.0592663669638865,0.1443050287586,0.108607293133792,0.124917487176709,0.0758021495263633,0.195048515061875,0.0918909031652822,0.121501011702769,0.214577460661054,0.223233361026531,0.110947281700799,0.0793851637627366,0.186216843704497,0.0976038997556897,0.0866321344519146,0.115768605468444,0.149095551911448,0.143190528302776,0.0865094713580201,0.0648764337494692,0.138912980350339,0.205654724653785,0.103826829875314,0.197438348956954,0.250873473660463,0.0765450770714466,0.0946060929703185,0.159399237416487,0.126087770924008,0.104984088057697,0.127827713381714,0.142256052550293,0.243013843990395,0.16804541879978,0.119897554483969,0.067311361161926,0.0842643859060589,0.160715843042519,0.114063482199307,0.076719047787442,0.111723005229174,0.0842478560919432,0.147586866330213,0.147838908268865,0.0763357596575635,0.151435172553086,0.172904411939302,0.167556933612962,0.119069786287566,0.12539934848667,0.131989216373845,0.145119435616559,0.0824235311814797,0.0559865806508546,0.050487537688606,0.116668488153279,0.162153663414026,0.218381617575929
"Cluster 7",0.162296958569692,0.290658086086133,0.280095566109352,0.128425232531819,0.228433031706501,0.230397093997468,0.0557462630290553,0.302649709513462,0.118096313810548,0.161839372406907,0.140308921161355,0.181822825475699,0.229776670312026,0.162407675323723,0.324463819241133,0.129316742673502,0.216673307747397,0.335695838867742,0.193028362020163,0.326557096372908,0.182752678691745,0.167397231654002,0.590083532344118,0.391666816141081,0.299309268867657,0.270609792360216,0.311206550943239,0.155030745523285,0.241612002837894,0.221203720130234,0.083060760399102,0.243512340177667,0.190472916510275,0.135179513681096,0.0985676830226442,0.184539723740664,0.11682741637135,0.230841766673345,0.291841683600406,0.0887552394308556,0.27930087923307,0.143444605361146,0.322160392493541,0.208602652012105,0.0807812662737577,0.379056756439987,0.260778999623377,0.337853780475818,0.313734578608008,0.106693165167524,0.159166935644825,0.229319641892429,0.207542727351896,0.365728973964689,0.0906679719876995,0.313656386955974,0.18689664961906,0.223584985735573,0.228112110619135,0.101696786300973,0.282057454276657,0.327369520107521,0.289215957920593,0.201284753542885,0.303223239959139,0.223997558072346,0.254505539732516,0.203047120200784,0.317953797511615,0.0759554826422674,0.138254073191021,0.301014178242281,0.179602198905386,0.165032014615565,0.275978412898154,0.320480052294456,0.291265095659405,0.329688074735918,0.139140908942075,0.199751949902067,0.220292401685453,0.258054671435929,0.266449812632601,0.378412825943416,0.291429378455915,0.130180307911521,0.168459509802245,0.214984782599387,0.348775037777748,0.17417560067074,0.0481391635697604,0.23445333098831,0.330690983317269,0.254481508654314,0.304465986509434,0.309375615807095,0.182452477213141,0.109391389799493,0.148567453829951,0.357426724919964,0.197212315122342,0.39235087525312,0.268098981980421,0.287983324953914,0.0919842970772052,0.224907381742582,0.212773161792231,0.333162307924639,0.206026943469692,0.313737798845608,0.26375048912078,0.0997501077560453,0.177386428221857,0.313447287527665,0.232682148266207,0.144014064042277,0.315909503240162,0.382875053835983,0.193547248477314,0.112897728092294,0.363461181835398,0.265715120389242,0.264919262980928,0.215688942072637,0.126992927865215,0.350665891406806,0.165747957204187,0.104144811729887,0.0848616983500779,0.187449120472975,0.357456099637027,0.250652066080062,0.18301694728829,0.296017146380316,0.226294578824728,0.214076769778018,0.187550120776459,0.274453185040823,0.32765173841182
"Cluster 8",0.250924352690846,0.327904234413523,0.257980518353746,0.269480336747638,0.309169265639897,0.372584775682496,0.269419390651066,0.344812437201496,0.285018930804322,0.302016308396709,0.295073414107435,0.349567631178857,0.234171776087013,0.228313407909621,0.404355310249837,0.298261761425949,0.191935746378218,0.386083819579866,0.500583697084204,0.25322587637375,0.241664361124155,0.364659959441125,0.378315596996271,0.229581327878341,0.390955122588779,0.391093655658246,0.350921106564875,0.47879187935731,0.351234289798056,0.40812344485885,0.300568909393507,0.41395541676355,0.334374785588562,0.456203286381813,0.258304638231727,0.45097282102345,0.447138385913935,0.394703675021013,0.364378565314762,0.419601470453293,0.378249110507769,0.337981032379674,0.37603125735273,0.361866115187982,0.309269051919846,0.331139186106825,0.36457270188692,0.299390245252189,0.337902445685669,0.299887507376609,0.365100922261025,0.393386654549501,0.34972571144396,0.371889762845329,0.39791518998345,0.441271529020829,0.35461388422645,0.402252590847365,0.26231979864042,0.329146756922237,0.282330005762782,0.36830388280977,0.35020396668657,0.450287265908519,0.308681323061686,0.392028373422814,0.343911362519131,0.418629736520308,0.34503048182284,0.261112218515372,0.477179905808706,0.409629885644557,0.259447322118643,0.431329200497717,0.383699096284897,0.334803560495912,0.338746248418353,0.341471244659755,0.286514629432865,0.465321750627597,0.373977355854322,0.344995727809949,0.375305528266892,0.275884894575934,0.402087285065217,0.277358565256461,0.350765555744381,0.356457458990386,0.265626957630974,0.359130718238691,0.191111579040184,0.305045536232878,0.284336525720869,0.415889687965912,0.349494245564038,0.333934776175134,0.374164398736055,0.333775502830016,0.330788078672446,0.256694001146875,0.343378536723254,0.317584944437008,0.402072425491958,0.346175796069293,0.354328013193142,0.407668059930206,0.288312212675881,0.294867925328499,0.301641524147165,0.374983242608898,0.327252108868721,0.326674564946446,0.444647641013538,0.508226847423428,0.478407072094852,0.329778585818393,0.274565835018321,0.225601377462058,0.461208403815491,0.271963501594423,0.231264731697992,0.362604253724389,0.27869242857896,0.328612461850878,0.382172795848224,0.347209867406439,0.436841092193121,0.403173831093757,0.351537002995801,0.407117954157393,0.367789739779982,0.422829905023276,0.435319045891313,0.417589331000398,0.347876930061347,0.340196376575708,0.33721969253187,0.424393915513198,0.42880227338083
"Cluster 9",0.252626543341641,0.216836610480516,0.248466819204281,0.260848512683829,0.254414900280155,0.282641098863269,0.227859965973752,0.239884950379757,0.174605064244737,0.198956900832853,0.268657589743416,0.234874669532298,0.28211763706726,0.149265747539326,0.197376540840983,0.144373318583739,0.285945165038317,0.239328890097531,0.127660800044447,0.238021267875209,0.266198038363597,0.227246170502657,0.240524875403342,0.219640236311999,0.252537943727608,0.192873928405678,0.228626813459597,0.113312598953928,0.239304241417442,0.206698216687344,0.112827802978448,0.182134221317476,0.258653865711603,0.225541678455665,0.233448188129902,0.143898582008969,0.229587453334307,0.160949762948867,0.231768212003497,0.203547488697913,0.270401283721859,0.251453066437405,0.261467694811763,0.243280904291555,0.221565237707758,0.241036594956164,0.204476043458824,0.245138438233045,0.253026587302387,0.228192082814101,0.216938489980868,0.23533474013406,0.235649978483442,0.111482562112982,0.199321484342705,0.218439480463323,0.263239889096604,0.231177612073845,0.226815185124325,0.230468874849619,0.249158950486835,0.255957995662341,0.245090469653616,0.198026168222061,0.261781064906117,0.226543283094328,0.236539680715027,0.107759594044241,0.251397998176243,0.24351780401122,0.183991167006048,0.199013431796124,0.140833986634656,0.257513472651973,0.212796764326601,0.217299458327634,0.261906916766801,0.246812362166034,0.228912420132445,0.228051711617139,0.253468845064694,0.232190115466031,0.266943396306358,0.263452264313543,0.18365896197049,0.234894760268561,0.229506091850168,0.232801282135143,0.236807194741889,0.0934512639744886,0.199039460517789,0.204750701284005,0.177351399360167,0.179166437801701,0.214011789071312,0.265567334395917,0.253227880502196,0.180730341725601,0.249813179379946,0.281428031470262,0.2223265712564,0.222562836257699,0.215202736318757,0.232734042551733,0.208057690766533,0.266461789698602,0.259080206822128,0.263072051402096,0.266372888610712,0.184453015352121,0.279283726085176,0.269806965134573,0.199165134767203,0.230024549072282,0.154673977550694,0.252908190913402,0.283682149546948,0.239412061045997,0.102229117464038,0.193999498227435,0.209339156344445,0.252713155075012,0.240690343494873,0.201812467249603,0.201599890308743,0.245101135790989,0.154297158062524,0.235363197277555,0.133376666463059,0.216195446629008,0.238239220016276,0.201819106204724,0.16073417271214,0.21724933191694,0.258475194248019,0.262122507941791,0.228813123774865,0.227005961398104,0.204193450122531
